"member_casual","start_station_name","n"
"casual","Navy Pier",50768
"casual","DuSable Lake Shore Dr & Monroe St",29675
"member","Canal St & Madison St",22863
"member","State St & Chicago Ave",21851
"casual","Michigan Ave & Oak St",20935
"member","Clinton St & Jackson Blvd",19765
"member","Wells St & Elm St",19322
"member","Clinton St & Madison St",19200
"member","Wells St & Concord Ln",19094
"member","Wells St & Huron St",17679
"casual","DuSable Lake Shore Dr & North Blvd",17625
"member","Wells St & Hubbard St",17279
"casual","Millennium Park",17066
"member","Clark St & Elm St",16438
"casual","Shedd Aquarium",16289
"member","Navy Pier",16078
"member","University Ave & 57th St",16004
"member","Desplaines St & Kinzie St",15948
"member","Kingsbury St & Erie St",15717
"member","Clinton St & Washington Blvd",15697
"member","Kingsbury St & Kinzie St 2",15589
"member","McClurg Ct & Ohio St",15248
"member","Clark St & Armitage Ave",15070
"casual","Theater on the Lake",14885
"member","Clinton St & Washington Blvd 2",14859
"member","Dearborn Pkwy & Delaware Pl",14666
"member","DuSable Lake Shore Dr & North Blvd",14558
"member","Daley Center Plaza",14343
"member","Clark St & Lincoln Ave",14305
"member","Ravenswood Ave & Lawrence Ave",14282
"member","Canal St & Adams St",14187
"member","Broadway & Waveland Ave",14004
"casual","Dusable Harbor",13942
"member","Michigan Ave & Oak St",13730
"member","Clinton St & Lake St",13489
"member","Dearborn St & Erie St",13468
"member","Columbus Dr & Randolph St",13404
"member","LaSalle St & Illinois St",13335
"member","Orleans St & Merchandise Mart Plaza",13207
"member","Halsted St & Clybourn Ave",13183
"member","New St & Illinois St",13112
"member","Broadway & Cornelia Ave",13086
"member","Wabash Ave & Grand Ave",13013
"member","Ellis Ave & 55th St",12991
"member","Pine Grove Ave & Waveland Ave",12869
"member","Wilton Ave & Belmont Ave",12533
"member","Green St & Madison St",12488
"member","Clark St & Lake St",12481
"member","Kingsbury St & Kinzie St 1",12416
"member","Wabash Ave & Roosevelt Rd",12330
"member","Michigan Ave & Lake St",12112
"member","Federal St & Polk St",11905
"member","Ellis Ave & 60th St",11811
"member","Theater on the Lake",11630
"member","Southport Ave & Waveland Ave",11532
"member","Lincoln Ave & Fullerton Ave",11446
"member","Michigan Ave & Washington St",11386
"member","Franklin St & Monroe St",11300
"member","Broadway & Barry Ave",11220
"member","Canal St & Jackson Blvd",11213
"member","Loomis St & Lexington St",11084
"member","Sheffield Ave & Fullerton Ave",11033
"member","Indiana Ave & Roosevelt Rd",10920
"member","DuSable Lake Shore Dr & Diversey Pkwy",10894
"member","Franklin St & Jackson Blvd",10882
"member","Clark St & Wrightwood Ave",10790
"member","Larrabee St & Kingsbury St 1",10701
"member","Clark St & Schiller St",10647
"member","Wilton Ave & Diversey Pkwy",10567
"member","LaSalle St & Jackson Blvd",10322
"member","Sedgwick St & Huron St",10319
"member","Wells St & Evergreen Ave",10311
"casual","Michigan Ave & 8th St",10282
"member","Pine Grove Ave & Irving Park Rd",10217
"member","Wells St & Walton St",10069
"casual","Montrose Harbor",9971
"casual","Field Museum",9966
"member","Larrabee St & Webster Ave",9959
"member","Clarendon Ave & Gordon Ter",9954
"casual","Adler Planetarium",9897
"member","Southport Ave & Roscoe St",9897
"member","Clark St & Drummond Pl",9787
"member","Morgan St & Polk St",9775
"member","Sheffield Ave & Kingsbury St",9760
"member","Sheridan Rd & Irving Park Rd",9754
"member","Aberdeen St & Jackson Blvd",9719
"member","Kingsbury St & Kinzie St",9668
"member","State St & Kinzie St",9589
"member","Mies van der Rohe Way & Chestnut St",9499
"member","Clark St & Winnemac Ave",9495
"member","Clark St & Arlington Pl",9403
"member","Milwaukee Ave & Grand Ave",9386
"member","Halsted St & Roscoe St",9319
"member","Fulton Market",9314
"member","Broadway & Sheridan Rd",9309
"member","Dearborn St & Division St",9298
"member","Desplaines St & Jackson Blvd",9268
"casual","Wells St & Concord Ln",9260
"member","Dearborn St & Maple St",9208
"member","Paulina St & Division St",9168
"casual","Clark St & Armitage Ave",9121
"member","Fairbanks Ct & Grand Ave",9117
"member","Rush St & Superior St",9115
"member","Franklin St & Chicago Ave",9089
"member","Halsted St & Wrightwood Ave",9057
"member","Peoria St & Jackson Blvd",9027
"casual","Clark St & Lincoln Ave",8990
"member","Damen Ave & Pierce Ave",8939
"member","Franklin St & Lake St",8928
"member","Sedgwick St & North Ave",8907
"casual","New St & Illinois St",8865
"member","Sheffield Ave & Wrightwood Ave",8785
"member","Lakeview Ave & Fullerton Pkwy",8702
"casual","Michigan Ave & Lake St",8681
"member","Millennium Park",8505
"member","Sheffield Ave & Wellington Ave",8488
"member","DuSable Lake Shore Dr & Wellington Ave",8481
"member","Clarendon Ave & Junior Ter",8442
"member","Broadway & Belmont Ave",8324
"member","Sedgwick St & Webster Ave",8302
"member","Rush St & Cedar St",8301
"member","Larrabee St & Kingsbury St 2",8294
"member","Clark St & Wellington Ave",8276
"member","Kimbark Ave & 53rd St",8260
"member","Mies van der Rohe Way & Chicago Ave",8228
"member","Sheffield Ave & Webster Ave",8203
"member","Clark St & Berwyn Ave",8180
"member","DuSable Lake Shore Dr & Monroe St",8145
"casual","Indiana Ave & Roosevelt Rd",8143
"member","Burling St & Diversey Pkwy",8127
"member","DuSable Lake Shore Dr & Belmont Ave",8122
"member","Field Blvd & South Water St",8122
"member","Wabash Ave & 9th St",8092
"casual","Wells St & Elm St",8058
"casual","Wabash Ave & Grand Ave",8004
"member","Canal St & Monroe St",7980
"member","Wells St & Polk St",7969
"member","Milwaukee Ave & The 606",7967
"member","Dayton St & North Ave",7942
"member","Hampden Ct & Diversey Pkwy",7921
"member","Damen Ave & Chicago Ave",7904
"member","Clark St & Chicago Ave",7871
"member","Sheridan Rd & Montrose Ave",7858
"member","Stockton Dr & Wrightwood Ave",7826
"member","Montrose Harbor",7814
"casual","Michigan Ave & Washington St",7810
"casual","Wells St & Hubbard St",7763
"member","Ritchie Ct & Banks St",7722
"casual","State St & Chicago Ave",7696
"casual","LaSalle St & Illinois St",7694
"member","Michigan Ave & 14th St",7677
"member","Elston Ave & Cortland St",7672
"member","Wabash Ave & Washington St",7664
"member","Wells St & Randolph St",7662
"casual","McClurg Ct & Ohio St",7639
"member","Halsted St & Polk St",7624
"member","California Ave & Milwaukee Ave",7599
"member","Franklin St & Illinois St",7529
"member","Larrabee St & Division St",7471
"member","LaSalle Dr & Huron St",7462
"member","Orleans St & Hubbard St",7426
"member","Lincoln Ave & Melrose St",7406
"member","Southport Ave & Wellington Ave",7402
"casual","DuSable Lake Shore Dr & Diversey Pkwy",7392
"casual","Clark St & Elm St",7353
"member","McClurg Ct & Erie St",7345
"member","Clark St & Newport St",7337
"member","Wood St & Beach Ave",7307
"casual","Columbus Dr & Randolph St",7301
"member","Sangamon St & Lake St",7295
"casual","Wells St & Huron St",7286
"member","Cityfront Plaza Dr & Pioneer Ct",7166
"member","May St & Taylor St",7139
"member","State St & Randolph St",7135
"member","Shore Dr & 55th St",6976
"member","Ogden Ave & Chicago Ave",6969
"member","Lincoln Ave & Diversey Pkwy",6929
"casual","Dearborn St & Erie St",6853
"member","Clifton Ave & Armitage Ave",6840
"member","Blackstone Ave & 59th St",6813
"member","Sheffield Ave & Addison St",6764
"member","Financial Pl & Ida B Wells Dr",6753
"member","Racine Ave & Belmont Ave",6749
"member","Sheridan Rd & Buena Ave",6748
"member","Stetson Ave & South Water St",6745
"member","Southport Ave & Belmont Ave",6704
"member","Elizabeth St & Randolph St",6642
"member","Aberdeen St & Randolph St",6600
"member","Wolcott Ave & Polk St",6592
"casual","Lincoln Park Conservatory",6561
"casual","Clinton St & Madison St",6519
"member","Wacker Dr & Washington St",6509
"member","Honore St & Division St",6502
"member","Halsted St & Armitage Ave",6453
"member","Sheffield Ave & Waveland Ave",6436
"member","Damen Ave & Cortland St",6428
"casual","Canal St & Madison St",6395
"member","Lincoln Park Conservatory",6382
"member","Ellis Ave & 58th St",6369
"member","Sheffield Ave & Willow St",6360
"member","Kedzie Ave & Milwaukee Ave",6358
"member","Aberdeen St & Carroll Ave",6353
"casual","Desplaines St & Kinzie St",6310
"member","Halsted St & Willow St",6270
"member","Clark St & North Ave",6269
"member","Damen Ave & Division St",6262
"casual","Dearborn Pkwy & Delaware Pl",6257
"member","St. Clair St & Erie St 2",6257
"member","Rush St & Hubbard St",6231
"member","Lakefront Trail & Bryn Mawr Ave",6224
"member","Michigan Ave & 8th St",6201
"member","Carpenter St & Huron St",6194
"member","Southport Ave & Wrightwood Ave",6152
"member","Woodlawn Ave & 58th St",6151
"member","Franklin St & Adams St",6147
"member","Clark St & Ida B Wells Dr",6140
"casual","Wilton Ave & Belmont Ave",6101
"member","Woodlawn Ave & 55th St",6071
"member","Aberdeen St & Monroe St",5976
"member","Paulina St & Flournoy St",5953
"member","Franklin St & Washington St",5940
"casual","DuSable Lake Shore Dr & Belmont Ave",5938
"member","Wabash Ave & 16th St",5868
"member","Broadway & Oakdale Ave",5863
"member","900 W Harrison St",5860
"member","Clark St & Leland Ave",5851
"member","Wells St & Institute Pl",5849
"member","Noble St & Milwaukee Ave",5824
"member","Broadway & Wilson Ave",5805
"casual","Wabash Ave & Roosevelt Rd",5800
"member","Halsted St & Dickens Ave",5786
"casual","Larrabee St & Webster Ave",5706
"casual","Halsted St & Clybourn Ave",5687
"casual","Michigan Ave & Jackson Blvd",5636
"casual","Wells St & Evergreen Ave",5632
"member","Wood St & Chicago Ave",5619
"casual","Sheffield Ave & Addison St",5584
"member","Racine Ave & Fullerton Ave",5528
"member","Elizabeth St & Fulton St",5495
"member","Dusable Harbor",5489
"casual","DuSable Lake Shore Dr & Wellington Ave",5488
"member","Peoria St & Kinzie St",5483
"member","Ashland Ave & Augusta Blvd",5465
"member","Broadway & Sunnyside Ave",5463
"casual","Field Blvd & South Water St",5457
"member","Michigan Ave & 18th St",5452
"member","State St & Pearson St",5430
"member","Clark St & Bryn Mawr Ave",5368
"member","Green St & Lake St",5325
"member","Clinton St & Tilden St",5324
"member","Bissell St & Armitage Ave",5315
"casual","Broadway & Waveland Ave",5311
"member","Broadway & Berwyn Ave",5281
"casual","Sheffield Ave & Waveland Ave",5277
"member","Eckhart Park",5271
"casual","Orleans St & Merchandise Mart Plaza",5262
"casual","Broadway & Barry Ave",5229
"casual","Broadway & Cornelia Ave",5217
"member","Sheridan Rd & Argyle St",5213
"member","Orleans St & Chestnut St (NEXT Apts)",5208
"member","Clark St & Grace St",5201
"member","Canal St & Lake St",5198
"member","Damen Ave & Thomas St (Augusta Blvd)",5185
"member","Calumet Ave & 18th St",5163
"member","Larrabee St & Oak St",5141
"casual","Daley Center Plaza",5134
"member","Broadway & Roscoe Ave",5100
"casual","Clark St & Newport St",5079
"member","Ashland Ave & Chicago Ave",5073
"member","Sangamon St & Washington Blvd",5071
"casual","University Ave & 57th St",5068
"member","Clark St & Eddy St",5063
"member","Desplaines St & Randolph St",5055
"member","Damen Ave & Leland Ave",5046
"casual","Clinton St & Jackson Blvd",5036
"member","Broadway & Granville Ave",5032
"member","Morgan St & Lake St",5026
"member","Ada St & Washington Blvd",5025
"member","Wood St & Augusta Blvd",4984
"member","Ashland Ave & Blackhawk St",4970
"casual","Lakefront Trail & Bryn Mawr Ave",4956
"member","Greenview Ave & Fullerton Ave",4939
"casual","Pine Grove Ave & Waveland Ave",4929
"member","Clark St & Montrose Ave",4929
"member","Ellis Ave & 53rd St",4922
"casual","Sheffield Ave & Wrightwood Ave",4918
"member","Leavitt St & North Ave",4918
"casual","Halsted St & Roscoe St",4913
"casual","Lakeview Ave & Fullerton Pkwy",4905
"member","Riverside Plaza & Adams St",4901
"casual","Sheffield Ave & Fullerton Ave",4892
"member","Michigan Ave & Jackson Blvd",4886
"casual","Mies van der Rohe Way & Chestnut St",4879
"member","Wabash Ave & Adams St",4870
"member","Dearborn St & Madison St",4856
"casual","Southport Ave & Waveland Ave",4851
"casual","Fairbanks Ct & Grand Ave",4841
"casual","Lincoln Ave & Fullerton Ave",4841
"casual","Clark St & Lake St",4831
"member","Jefferson St & Monroe St",4831
"casual","McCormick Place",4811
"casual","Clark St & Schiller St",4802
"casual","Clark St & Arlington Pl",4800
"casual","Clark St & Wrightwood Ave",4784
"member","State St & Harrison St",4782
"member","Wacker Dr & Randolph St",4763
"member","Clarendon Ave & Leland Ave",4746
"member","University Ave & 59th St",4741
"casual","Southport Ave & Roscoe St",4739
"casual","Federal St & Polk St",4730
"member","Broadway & Thorndale Ave",4729
"member","Dearborn St & Van Buren St",4696
"member","Hudson Ave & Armitage Ave",4692
"member","St Clair St & Ohio St",4692
"casual","Ravenswood Ave & Lawrence Ave",4670
"casual","State St & Kinzie St",4667
"member","Clybourn Ave & Division St",4665
"casual","Kingsbury St & Erie St",4658
"member","Larrabee St & Armitage Ave",4658
"member","Broadway & Argyle St",4629
"member","Fairbanks St & Superior St",4626
"casual","Franklin St & Jackson Blvd",4624
"member","Harper Ave & 55th St",4621
"member","Burnham Harbor",4620
"member","Southport Ave & Clybourn Ave",4584
"casual","Halsted St & Wrightwood Ave",4577
"casual","Dearborn St & Division St",4575
"member","Orleans St & Elm St",4573
"casual","Wilton Ave & Diversey Pkwy",4564
"member","Halsted St & Maxwell St",4556
"casual","Milwaukee Ave & Grand Ave",4548
"member","Marine Dr & Ainslie St",4529
"member","Lincoln Ave & Dickens Ave",4515
"member","Wood St & Taylor St (Temp)",4509
"casual","Damen Ave & Pierce Ave",4491
"member","Ogden Ave & Race Ave",4486
"casual","Clark St & Winnemac Ave",4471
"member","Paulina Ave & North Ave",4463
"member","Larrabee St & North Ave",4447
"casual","State St & Randolph St",4446
"casual","Wabash Ave & Washington St",4428
"casual","Shore Dr & 55th St",4426
"casual","Burnham Harbor",4417
"member","Ashland Ave & Wellington Ave",4390
"member","Western Ave & Leland Ave",4383
"casual","Sheridan Rd & Irving Park Rd",4378
"casual","Green St & Madison St",4375
"casual","Ellis Ave & 55th St",4351
"casual","Kingsbury St & Kinzie St 2",4338
"member","Damen Ave & Wicker Park Ave",4337
"member","Halsted St & Roosevelt Rd",4319
"member","Racine Ave & Congress Pkwy",4319
"member","Lincoln Ave & Sunnyside Ave",4308
"member","Southport Ave & Irving Park Rd",4302
"casual","Kingsbury St & Kinzie St 1",4290
"member","Cornell Ave & Hyde Park Blvd",4274
"member","State St & Van Buren St",4265
"member","Lincoln Ave & Roscoe St",4259
"member","Larrabee St & Menomonee St",4232
"member","Racine Ave & Wrightwood Ave",4220
"member","Racine Ave & Broadway",4219
"member","Western Ave & Winnebago Ave",4211
"member","Delano Ct & Roosevelt Rd",4210
"casual","Clark St & Wellington Ave",4201
"casual","Southport Ave & Wellington Ave",4194
"casual","Sheffield Ave & Wellington Ave",4186
"casual","Ellis Ave & 60th St",4183
"casual","Sedgwick St & North Ave",4148
"casual","Wabash Ave & 9th St",4146
"casual","Stockton Dr & Wrightwood Ave",4138
"member","Hermitage Ave & Polk St",4129
"casual","Wells St & Walton St",4113
"member","Green St & Washington Blvd",4113
"member","Noble St & Ohio St",4097
"casual","Clark St & Grace St",4084
"casual","Cityfront Plaza Dr & Pioneer Ct",4083
"member","Larrabee St & Kingsbury St",4082
"member","Pine Grove Ave & Wellington Ave",4082
"member","Lake Park Ave & 53rd St",4075
"casual","Kedzie Ave & Milwaukee Ave",4070
"member","Sangamon St & Adams St",4054
"member","Michigan Ave & Pearson St",4052
"member","Halsted St & Fulton St",4050
"member","Green St & Chicago Ave",4046
"member","Wolcott (Ravenswood) Ave & Montrose Ave",4041
"casual","Clark St & Drummond Pl",4038
"casual","Pine Grove Ave & Irving Park Rd",4025
"casual","Racine Ave & Belmont Ave",4005
"casual","Clark St & North Ave",3998
"casual","Peoria St & Jackson Blvd",3988
"casual","Clinton St & Lake St",3979
"casual","Canal St & Adams St",3945
"member","Artesian Ave & Hubbard St",3933
"member","Leavitt St & Chicago Ave",3919
"casual","Broadway & Sheridan Rd",3917
"member","Benson Ave & Church St",3910
"member","May St & Hubbard St",3908
"casual","Rush St & Superior St",3903
"casual","Dearborn St & Maple St",3901
"casual","Halsted St & Armitage Ave",3898
"casual","LaSalle Dr & Huron St",3897
"member","Wells St & Madison St",3892
"member","Adler Planetarium",3871
"casual","Mies van der Rohe Way & Chicago Ave",3844
"casual","California Ave & Milwaukee Ave",3840
"casual","Michigan Ave & Ida B Wells Dr",3825
"member","Damen Ave & Charleston St",3824
"casual","Wells St & Polk St",3821
"member","Leavitt St & Armitage Ave",3816
"casual","Dayton St & North Ave",3795
"member","Blue Island Ave & 18th St",3795
"casual","Fulton Market",3787
"casual","Clark St & Berwyn Ave",3777
"member","Michigan Ave & Madison St",3767
"member","Campbell Ave & North Ave",3763
"member","Ashland Ave & Wrightwood Ave",3760
"casual","Sheffield Ave & Webster Ave",3754
"casual","Sedgwick St & Webster Ave",3745
"member","Throop St & Taylor St",3730
"member","Halsted St & Belden St",3729
"casual","Rush St & Cedar St",3727
"member","Wilton Ave & Addison St",3713
"member","Racine Ave & Washington Blvd",3712
"casual","Lakefront Trail & Wilson Ave",3710
"member","Sheridan Rd & Noyes St (NU)",3710
"member","Lincoln Ave & Montana St",3704
"casual","Franklin St & Chicago Ave",3692
"casual","Broadway & Belmont Ave",3680
"casual","Michigan Ave & Pearson St",3676
"member","LaSalle St & Calhoun Pl",3675
"member","Damen Ave & Foster Ave",3674
"member","Carpenter St & Fulton St",3671
"member","St. Clair St & Erie St 1",3669
"casual","Clarendon Ave & Junior Ter",3658
"member","Shedd Aquarium",3654
"casual","Paulina St & Division St",3647
"member","Sheridan Rd & Lawrence Ave",3609
"member","Clinton St & Roosevelt Rd",3604
"casual","Damen Ave & Cortland St",3598
"member","Glenwood Ave & Morse Ave",3593
"casual","Hampden Ct & Diversey Pkwy",3588
"casual","Aberdeen St & Jackson Blvd",3585
"member","Dearborn St & Adams St 1",3574
"casual","Clarendon Ave & Gordon Ter",3564
"member","Loomis St & Jackson Blvd",3556
"casual","Wells St & Randolph St",3549
"member","Racine Ave & 18th St",3537
"member","Lake Park Ave & 56th St",3511
"casual","Sheridan Rd & Noyes St (NU)",3501
"member","Ravenswood Ave & Berteau Ave",3481
"casual","Calumet Ave & 18th St",3474
"member","Rush St & Illinois St",3473
"casual","Larrabee St & Division St",3470
"casual","Ritchie Ct & Banks St",3446
"member","Ravenswood Ave & Irving Park Rd",3446
"member","Paulina St & Montrose Ave",3436
"casual","Clark St & Eddy St",3431
"member","Western Ave & Walton St",3419
"member","Milwaukee Ave & Armitage Ave",3397
"casual","Clinton St & Washington Blvd 2",3393
"member","Wabash Ave & Jackson Blvd",3387
"member","Canal St & Taylor St",3377
"casual","Elston Ave & Cortland St",3372
"member","Seeley Ave & Roscoe St",3359
"casual","Milwaukee Ave & The 606",3350
"casual","Wentworth Ave & Cermak Rd*",3341
"member","Sedgwick St & Schiller St",3339
"casual","Clark St & Chicago Ave",3322
"casual","Sheridan Rd & Montrose Ave",3319
"member","Morgan Ave & 14th Pl",3300
"casual","Damen Ave & Chicago Ave",3299
"casual","Michigan Ave & 14th St",3298
"casual","Wood St & Beach Ave",3296
"member","Wells St & Ohio St",3293
"member","Morgan St & 18th St",3288
"member","St. Clair St & Erie St",3286
"casual","Griffin Museum of Science and Industry",3278
"casual","Kimbark Ave & 53rd St",3272
"casual","Broadway & Oakdale Ave",3260
"member","Lincoln Ave & Belle Plaine Ave",3238
"member","Dearborn St & Adams St",3237
"member","Drexel Ave & 60th St",3229
"casual","Lincoln Ave & Diversey Pkwy",3220
"member","Ashland Ave & Lake St",3216
"member","Michigan Ave & Ida B Wells Dr",3215
"casual","Michigan Ave & 18th St",3213
"member","Winthrop Ave & Lawrence Ave",3208
"member","Lincoln Ave & Byron St",3200
"casual","Aberdeen St & Randolph St",3184
"member","Sheridan Rd & Berwyn Ave",3178
"member","Milwaukee Ave & Wabansia Ave",3172
"member","Damen Ave & Wellington Ave",3164
"casual","Stetson Ave & South Water St",3150
"casual","Southport Ave & Belmont Ave",3141
"member","California Ave & Cortez St",3127
"member","Wells St & Washington St",3116
"casual","Bissell St & Armitage Ave",3114
"member","Green St & Randolph St",3114
"member","Ashland Ave & Grand Ave",3103
"casual","Franklin St & Illinois St",3096
"member","Damen Ave & Wabansia Ave",3095
"member","Walsh Park",3087
"casual","Sangamon St & Lake St",3082
"casual","Clinton St & Washington Blvd",3080
"member","Damen Ave & Sunnyside Ave",3066
"casual","Desplaines St & Jackson Blvd",3058
"casual","Franklin St & Lake St",3049
"casual","Sheffield Ave & Kingsbury St",3049
"casual","Rush St & Illinois St",3043
"member","Lakefront Trail & Wilson Ave",3037
"member","Milwaukee Ave & Fullerton Ave",3019
"member","Paulina St & 18th St",3008
"member","Wentworth Ave & Cermak Rd*",2998
"member","Halsted St & Melrose St",2997
"member","Malden St & Wilson Ave",2993
"casual","Chicago Ave & Sheridan Rd",2990
"member","Lincoln Ave & Waveland Ave",2984
"casual","Elizabeth St & Randolph St",2982
"casual","Sedgwick St & Huron St",2964
"member","Morgan St & Lake St*",2962
"member","Humboldt Blvd & Armitage Ave",2959
"member","Damen Ave & St Paul Ave",2953
"member","Damen Ave & Clybourn Ave",2948
"member","Broadway & Ridge Ave",2939
"member","Ashland Ave & Grace St",2915
"casual","Honore St & Division St",2913
"casual","Clark St & Leland Ave",2908
"member","Wood St & Hubbard St",2908
"member","Chicago Ave & Sheridan Rd",2905
"casual","Loomis St & Lexington St",2902
"member","Racine Ave & Randolph St",2883
"casual","Financial Pl & Ida B Wells Dr",2881
"casual","Southport Ave & Wrightwood Ave",2879
"member","California Ave & Francis Pl",2867
"member","Peterson/Ridge Metra",2864
"member","Dorchester Ave & 53rd St",2863
"member","Dearborn St & Monroe St",2861
"member","Campbell Ave & Montrose Ave",2859
"member","Logan Blvd & Elston Ave",2859
"member","Leavitt St & Belmont Ave",2856
"casual","Damen Ave & Division St",2851
"casual","Sheridan Rd & Buena Ave",2851
"member","Halsted St & 18th St",2850
"casual","Ogden Ave & Chicago Ave",2847
"member","Spaulding Ave & Armitage Ave",2847
"casual","State St & Harrison St",2844
"casual","Halsted St & Dickens Ave",2842
"member","State St & 33rd St",2833
"casual","Clifton Ave & Armitage Ave",2819
"member","LaSalle St & Adams St",2819
"member","Inner Lake Shore Dr & Aldine Ave",2818
"casual","Woodlawn Ave & 55th St",2815
"member","Halsted St & Lake St",2804
"member","Western Ave & Division St",2800
"casual","Hudson Ave & Armitage Ave",2790
"member","Kedzie Ave & Palmer Ct",2787
"member","Damen Ave & Ohio St",2781
"casual","Carpenter St & Huron St",2772
"casual","Racine Ave & Fullerton Ave",2765
"casual","Green St & Lake St",2760
"member","Bissell St & Armitage Ave*",2747
"casual","Halsted St & Maxwell St",2740
"casual","Aberdeen St & Carroll Ave",2738
"casual","North Ave Beach",2730
"member","Paulina St & Cortland St",2730
"casual","St Clair St & Ohio St",2721
"member","Damen Ave & Lake St",2719
"member","Clark St & Lunt Ave",2718
"casual","McClurg Ct & Erie St",2716
"casual","Inner Lake Shore Dr & Aldine Ave",2712
"member","Albany Ave & Bloomingdale Ave",2710
"member","Damen Ave & Melrose Ave",2705
"member","Sedgwick St & Chicago Ave",2696
"member","Emerald Ave & 31st St",2695
"member","Wood St & Milwaukee Ave",2693
"casual","Kingsbury St & Kinzie St",2684
"casual","Cannon Dr & Fullerton Ave",2683
"casual","State St & Van Buren St",2683
"casual","Halsted St & Willow St",2680
"member","Kimball Ave & Belmont Ave",2676
"member","Dearborn St & Adams St 2",2670
"member","Dearborn St & Washington St",2656
"member","Clark St & 9th St (AMLI)",2654
"casual","Clark St & Ida B Wells Dr",2650
"casual","900 W Harrison St",2645
"casual","Delano Ct & Roosevelt Rd",2622
"member","Leavitt St & Division St",2616
"member","Clark St & Fletcher St",2614
"casual","Canal St & Jackson Blvd",2602
"member","Ashland Ave & 13th St",2598
"member","Calumet Ave & 21st St",2592
"casual","Morgan St & Lake St",2591
"member","LaSalle St & Washington St",2580
"casual","Franklin St & Monroe St",2572
"casual","Orleans St & Hubbard St",2570
"member","Blackstone Ave & Hyde Park Blvd",2570
"casual","Broadway & Wilson Ave",2561
"casual","Lincoln Ave & Dickens Ave",2559
"member","Lincoln Ave & Addison St",2558
"casual","Burling St & Diversey Pkwy",2557
"casual","Rush St & Hubbard St",2554
"casual","LaSalle St & Jackson Blvd",2552
"casual","Museum Campus Metra Station",2551
"member","Larrabee St & Clybourn Ave",2550
"casual","Wabash Ave & 16th St",2547
"casual","Lincoln Ave & Melrose St",2530
"member","Sheridan Rd & Columbia Ave",2524
"casual","St. Clair St & Erie St 2",2522
"member","The Salt Shed",2505
"casual","Broadway & Roscoe Ave",2503
"casual","Wabash Ave & Adams St",2503
"casual","Peoria St & Kinzie St",2497
"member","Southport Ave & Diversey Pkwy",2497
"casual","Clark St & Montrose Ave",2488
"member","Southport Ave & Clark St",2483
"casual","Desplaines St & Randolph St",2481
"member","Stave St & Armitage Ave",2479
"member","MLK Jr Dr & 29th St",2478
"casual","Larrabee St & Kingsbury St 1",2477
"member","Racine Ave & Webster Ave",2465
"casual","Benson Ave & Church St",2455
"member","Milwaukee Ave & Rockwell St",2455
"member","Leavitt St & Augusta Blvd",2453
"casual","Blackstone Ave & 59th St",2431
"member","Campbell Ave & Augusta Blvd",2431
"casual","Wells St & Institute Pl",2429
"member","Canal St & Harrison St",2423
"member","Field Museum",2420
"member","Lincoln Ave & Roscoe St*",2402
"casual","Sheridan Rd & Argyle St",2398
"member","Blackstone Ave & 53rd St",2396
"member","Calumet Ave & 33rd St",2393
"member","Wood St & Webster Ave",2388
"member","Griffin Museum of Science and Industry",2382
"member","California Ave & Division St",2380
"member","Kedzie Ave & Armitage Ave",2375
"member","Sheridan Rd & Loyola Ave",2370
"casual","Halsted St & Belden St",2365
"member","Rockwell St & Eastwood Ave",2345
"casual","Ashland Ave & Blackhawk St",2327
"casual","Greenview Ave & Fullerton Ave",2324
"member","May St & Cullerton St",2323
"member","Noble St & Potomac Ave",2316
"casual","Southport Ave & Irving Park Rd",2315
"member","Sheffield Ave & Fletcher St",2313
"casual","Wilton Ave & Addison St",2308
"casual","Damen Ave & Thomas St (Augusta Blvd)",2296
"casual","Woodlawn Ave & 58th St",2292
"casual","Marine Dr & Ainslie St",2289
"casual","Larrabee St & Armitage Ave",2281
"member","Southport Ave & Grace St",2281
"member","California Ave & North Ave",2267
"casual","Calumet Ave & 21st St",2254
"casual","Orleans St & Chestnut St (NEXT Apts)",2244
"casual","Dearborn St & Van Buren St",2241
"member","Morgan St & 31st St",2238
"casual","Fort Dearborn Dr & 31st St*",2209
"casual","Michigan Ave & Madison St",2209
"casual","Sheffield Ave & Willow St",2204
"member","Talman Ave & Addison St",2200
"member","Clinton St & 18th St",2196
"casual","Damen Ave & Wicker Park Ave",2195
"casual","Noble St & Milwaukee Ave",2193
"casual","Clinton St & Roosevelt Rd",2189
"casual","Broadway & Granville Ave",2186
"member","Leavitt St & Lawrence Ave",2183
"casual","Sangamon St & Washington Blvd",2182
"casual","May St & Taylor St",2175
"member","Greenview Ave & Jarvis Ave",2175
"casual","Broadway & Argyle St",2155
"casual","Humboldt Blvd & Armitage Ave",2151
"casual","Broadway & Thorndale Ave",2146
"casual","Green St & Washington Blvd",2136
"member","Washtenaw Ave & Lawrence Ave",2135
"casual","Lincoln Ave & Montana St",2130
"member","Shields Ave & 31st St",2118
"member","Rhodes Ave & 32nd St",2117
"casual","The Salt Shed",2115
"member","Broadway & Cuyler Ave",2112
"casual","Franklin St & Adams St",2109
"casual","Jefferson St & Monroe St",2107
"casual","Pine Grove Ave & Wellington Ave",2107
"member","Wabash Ave & Wacker Pl",2102
"member","California Ave & Altgeld St",2095
"casual","Elizabeth St & Fulton St",2090
"casual","Green St & Randolph St",2088
"member","Kenwood Ave & 57th St",2087
"casual","Eckhart Park",2084
"casual","Racine Ave & Wrightwood Ave",2082
"casual","Ashland Ave & Lake St",2079
"casual","Paulina Ave & North Ave",2075
"member","Ogden Ave & Congress Pkwy",2070
"member","Avers Ave & Belmont Ave",2069
"casual","Green St & Chicago Ave",2066
"casual","Halsted St & Polk St",2064
"casual","St. Clair St & Erie St 1",2061
"casual","State St & Pearson St",2058
"member","Spaulding Ave & Milwaukee Ave",2056
"casual","Western Ave & Winnebago Ave",2052
"member","Harper Ave & 59th St",2052
"casual","Clark St & Bryn Mawr Ave",2050
"member","Western Ave & Roscoe St",2048
"casual","Damen Ave & Leland Ave",2046
"member","California Ave & Montrose Ave",2044
"casual","Harper Ave & 55th St",2041
"casual","Clarendon Ave & Leland Ave",2026
"casual","Riverside Plaza & Adams St",2022
"member","Halsted St & 35th St",2020
"casual","Milwaukee Ave & Fullerton Ave",2017
"casual","Cornell Ave & Hyde Park Blvd",2015
"casual","Canal St & Monroe St",2014
"casual","Leavitt St & North Ave",2010
"member","Oakley Ave & Lyndale St",1992
"member","Central Park Ave & Elbridge Ave",1980
"casual","Canal St & Taylor St",1971
"casual","Wabash Ave & Jackson Blvd",1963
"member","Cannon Dr & Fullerton Ave",1956
"casual","Damen Ave & Charleston St",1953
"member","Green St & Randolph St*",1953
"member","Damen Ave & Cullerton St",1951
"member","Ashland Ave & Division St",1934
"member","Francisco Ave & Foster Ave",1929
"casual","Broadway & Berwyn Ave",1928
"casual","Noble St & Ohio St",1926
"casual","Morgan St & Polk St",1921
"casual","Wells St & Ohio St",1921
"casual","Racine Ave & 18th St",1919
"member","Racine Ave & 15th St",1919
"member","Winchester Ave & Elston Ave",1914
"member","McCormick Place",1912
"casual","Lincoln Ave & Sunnyside Ave",1911
"casual","Milwaukee Ave & Armitage Ave",1905
"member","Western Ave & Wabansia Ave",1905
"member","Franklin St & Madison St",1903
"casual","Larrabee St & North Ave",1886
"member","Western Ave & Fillmore St",1885
"casual","Walsh Park",1882
"member","Wood St & Cortland St",1875
"member","Sheffield Ave & Armitage Ave Public Rack",1857
"member","California Ave & Fletcher St",1843
"member","Seminary Ave & Belden Ave",1839
"casual","Aberdeen St & Monroe St",1838
"member","Clark St & Schreiber Ave",1834
"casual","Halsted St & Fulton St",1826
"member","Sacramento Ave & Linden Pl",1826
"casual","Franklin St & Washington St",1825
"member","Ashland Ave & Belle Plaine Ave",1824
"casual","Ashland Ave & Grace St",1823
"member","Wabash Ave & Cermak Rd",1821
"casual","Ogden Ave & Race Ave",1817
"member","Indiana Ave & 26th St",1817
"member","Sheffield Ave & School St",1815
"member","California Ave & Byron St",1812
"casual","Ashland Ave & Chicago Ave",1810
"casual","DuSable Lake Shore Dr & Balbo Dr",1808
"member","Avondale Ave & Irving Park Rd",1807
"casual","Clinton St & Tilden St",1805
"casual","Wolcott (Ravenswood) Ave & Montrose Ave",1802
"casual","Damen Ave & Foster Ave",1801
"casual","DuSable Lake Shore Dr & Jackson Blvd",1794
"member","Chicago Ave & Washington St",1794
"casual","Clark St & 9th St (AMLI)",1793
"casual","Buckingham Fountain",1792
"casual","Racine Ave & Broadway",1784
"member","Clark St & Elmdale Ave",1784
"member","Michigan Ave & 11th St",1773
"casual","Wells St & Madison St",1769
"casual","Ashland Ave & Augusta Blvd",1767
"casual","Wacker Dr & Randolph St",1764
"casual","Broadway & Sunnyside Ave",1748
"member","Elston Ave & Wabansia Ave",1747
"casual","Ashland Ave & Wellington Ave",1744
"member","Francisco Ave & Chicago Ave",1742
"member","Lincoln Ave & Winona St",1741
"member","Leavitt St & Addison St",1737
"member","Central Park Ave & Bloomingdale Ave",1734
"casual","Ada St & Washington Blvd",1733
"casual","Wood St & Chicago Ave",1731
"member","Claremont Ave & Hirsch St",1726
"member","Museum Campus Metra Station",1723
"member","Sheridan Rd & Greenleaf Ave",1719
"casual","California Ave & Cortez St",1717
"casual","Ravenswood Ave & Irving Park Rd",1710
"casual","Southport Ave & Clybourn Ave",1706
"casual","Western Ave & Walton St",1704
"casual","Morgan St & 18th St",1702
"member","Oakley Ave & Irving Park Rd",1699
"member","State St & 19th St",1698
"casual","Spaulding Ave & Armitage Ave",1695
"casual","Damen Ave & Lake St",1691
"member","Laflin St & Cullerton St",1691
"member","Troy St & Elston Ave",1688
"member","Richmond St & Diversey Ave",1684
"member","Cherry Ave & Blackhawk St",1679
"casual","Wacker Dr & Washington St",1663
"casual","North Avenue Beach",1655
"casual","Halsted St & Lake St",1654
"casual","Fairbanks St & Superior St",1653
"casual","California Ave & Francis Pl",1652
"casual","May St & Hubbard St",1643
"casual","Seeley Ave & Roscoe St",1643
"casual","Ashland Ave & Wrightwood Ave",1642
"casual","Damen Ave & Wellington Ave",1640
"casual","Larrabee St & Kingsbury St 2",1639
"casual","Western Ave & Leland Ave",1634
"casual","Canal St & Lake St",1633
"casual","Western Ave & Division St",1621
"casual","Wabash Ave & Wacker Pl",1617
"casual","Damen Ave & Wabansia Ave",1615
"member","Albany Ave & Montrose Ave",1614
"casual","Milwaukee Ave & Rockwell St",1613
"casual","Larrabee St & Oak St",1597
"member","St. Louis Ave & Fullerton Ave",1597
"casual","Orleans St & Elm St",1592
"member","Damen Ave & Evergreen Ave",1586
"member","Malcolm X College",1580
"casual","Leavitt St & Armitage Ave",1573
"casual","LaSalle St & Adams St",1572
"casual","Clybourn Ave & Division St",1570
"casual","Winthrop Ave & Lawrence Ave",1570
"casual","Wabash Ave & Cermak Rd",1565
"casual","Blue Island Ave & 18th St",1563
"casual","Eddy/Seminary Corral",1561
"casual","Racine Ave & Webster Ave",1560
"casual","Lincoln Ave & Roscoe St",1557
"casual","Leavitt St & Belmont Ave",1554
"casual","University Ave & 59th St",1554
"casual","Dearborn St & Madison St",1552
"casual","Paulina St & Flournoy St",1552
"casual","Ellis Ave & 53rd St",1551
"member","Clark St & Columbia Ave",1551
"member","Ogden Ave & Roosevelt Rd",1550
"casual","Dearborn St & Adams St 1",1548
"member","Fort Dearborn Dr & 31st St*",1546
"casual","California Ave & North Ave",1538
"casual","Lincoln Ave & Belle Plaine Ave",1533
"casual","MLK Jr Dr & 29th St",1533
"casual","Ellis Ave & 58th St",1529
"member","Halsted St & 21st St",1529
"casual","Lincoln Ave & Byron St",1528
"casual","Sedgwick St & Schiller St",1523
"member","Monticello Ave & Irving Park Rd",1520
"member","State St & 35th St",1517
"casual","Sheffield/Newport Corral",1513
"member","Halsted St & Archer Ave",1513
"casual","Lake Park Ave & 53rd St",1503
"member","Winchester (Ravenswood) Ave & Balmoral Ave",1500
"member","Michigan Ave & 9th St",1491
"casual","Throop St & Taylor St",1489
"casual","St. Clair St & Erie St",1485
"casual","Halsted St & Roosevelt Rd",1484
"casual","Sheridan Rd & Lawrence Ave",1484
"casual","Wood St & Augusta Blvd",1481
"member","Clark St & Washington St",1481
"casual","Sheffield Ave & School St",1480
"casual","Southport Ave & Diversey Pkwy",1479
"casual","Ashland Ave & Grand Ave",1468
"casual","Kimball Ave & Belmont Ave",1447
"casual","Wood St & Milwaukee Ave",1446
"member","Western Ave & Congress Pkwy",1446
"casual","Racine Ave & Congress Pkwy",1442
"member","Hoyne Ave & Balmoral Ave",1441
"member","Damen Ave & Madison St",1440
"casual","Michigan Ave & 9th St",1433
"member","Western Ave & Berteau Ave",1431
"member","Leavitt St & Hirsch St",1428
"casual","Sheridan Rd & Berwyn Ave",1421
"member","University Library (NU)",1404
"member","Rockwell St & Division St",1403
"casual","Damen Ave & Ohio St",1393
"casual","Carpenter St & Fulton St",1392
"member","Sheffield/Newport Corral",1390
"casual","Campbell Ave & North Ave",1388
"casual","Racine Ave & Randolph St",1387
"member","Archer Ave & Wentworth Ave",1385
"casual","Southport Ave & Clark St",1384
"member","Western Ave & Grace St",1380
"casual","Leavitt St & Division St",1375
"casual","Leavitt St & Chicago Ave",1372
"casual","California Ave & Division St",1369
"casual","Halsted St & 18th St",1366
"casual","Paulina St & 18th St",1365
"member","Rockwell St & Fletcher St",1363
"casual","Blackstone Ave & Hyde Park Blvd",1362
"casual","Larrabee St & Menomonee St",1358
"member","Greenwood Ave & 47th St",1356
"member","Buckingham Fountain",1352
"casual","Paulina St & Cortland St",1351
"casual","Lake Park Ave & 56th St",1349
"member","Paulina St & Adams St",1345
"member","Christiana Ave & Lawrence Ave",1342
"member","Southport Ave & Newport Ave Public Rack",1339
"casual","Sangamon St & Adams St",1336
"casual","Milwaukee Ave & Wabansia Ave",1335
"member","North Ave Beach",1331
"casual","Wolcott Ave & Polk St",1329
"member","Wilton Ave & Diversey Pkwy*",1326
"casual","Leavitt St & Addison St",1314
"casual","Artesian Ave & Hubbard St",1313
"member","Spaulding Ave & Division St",1313
"member","Kedzie Ave & Leland Ave",1312
"member","Kosciuszko Park",1305
"casual","California Ave & Fletcher St",1302
"member","Halsted St & Court Pl",1302
"casual","Wells St & Washington St",1301
"casual","Damen Ave & Melrose Ave",1300
"casual","Wentworth Ave & 35th St",1298
"casual","Central Park Ave & Elbridge Ave",1297
"member","Paulina St & Howard St",1295
"casual","Broadway & Ridge Ave",1289
"member","Wentworth Ave & 33rd St",1282
"casual","Albany Ave & Bloomingdale Ave",1280
"casual","Kedzie Ave & Armitage Ave",1278
"casual","Bissell St & Armitage Ave*",1277
"member","Western Ave & Lyndale St",1277
"member","Kedzie Ave & George St",1269
"casual","Peterson/Ridge Metra",1268
"member","Greenview Ave & Diversey Pkwy",1268
"casual","Paulina St & Montrose Ave",1263
"casual","Damen Ave & St Paul Ave",1261
"casual","Racine Ave & Washington Blvd",1258
"casual","Drexel Ave & 60th St",1255
"member","Smith Park",1252
"casual","Navy Pier Public Rack - East",1248
"member","Sacramento Ave & Lyndale St",1247
"casual","Fort Dearborn Dr & 31st St",1246
"casual","Damen Ave & Clybourn Ave",1245
"casual","Waveland/Racine Corral",1243
"member","Wentworth Ave & 35th St",1237
"casual","Lincoln Ave & Addison St",1232
"member","Elston Ave & George St",1231
"member","Emerald Ave & 28th St",1230
"member","Marshfield Ave & Diversey Pkwy",1230
"casual","Michigan Ave & 11th St",1226
"casual","Clark St & Fletcher St",1223
"casual","Kedzie Ave & Palmer Ct",1222
"member","Marshfield Ave & Wabansia Ave",1221
"casual","Dorchester Ave & 53rd St",1218
"member","Western Ave & Lunt Ave",1218
"casual","Sacramento Ave & Linden Pl",1215
"casual","Sheffield Ave & Armitage Ave Public Rack",1212
"casual","Dearborn St & Adams St 2",1211
"member","Troy St & North Ave",1211
"member","Western Ave & Gunnison St",1210
"casual","Halsted St & Archer Ave",1207
"member","Drake Ave & Addison St",1204
"casual","Clark St & Lunt Ave",1203
"casual","North Ave Beach Pedestrian Bridge",1202
"casual","Damen Ave & Madison St",1198
"member","Rockwell Ave & Logan Blvd",1198
"member","St. Louis Ave & Balmoral Ave",1197
"casual","Ravenswood Ave & Berteau Ave",1196
"member","Granville Ave & Clark St",1195
"casual","Archer Ave & Wentworth Ave",1190
"member","Pine Grove Ave & Belmont Ave",1190
"casual","Logan Blvd & Elston Ave",1189
"member","Manor Ave & Leland Ave",1180
"member","Riley O'Neil Memorial Station at City Hall",1177
"member","Milwaukee Ave & Ainslie St",1175
"casual","Stave St & Armitage Ave",1169
"casual","Dearborn St & Adams St",1167
"casual","Lakewood Ave & Addison St",1167
"casual","Avers Ave & Belmont Ave",1165
"casual","Larrabee St & Kingsbury St",1161
"member","Lakewood Ave & Addison St",1160
"member","Eddy/Seminary Corral",1159
"member","Campbell Ave & Fullerton Ave",1156
"casual","Lake Park Ave & 35th St",1150
"casual","Morgan Ave & 14th Pl",1146
"casual","Blackstone Ave & 53rd St",1144
"casual","Richmond St & Diversey Ave",1139
"casual","Malden St & Wilson Ave",1135
"casual","Navy Pier Public Rack - West",1135
"casual","Wells St & 19th St",1134
"member","Western Ave & Granville Ave",1130
"casual","Sheffield Ave & Fletcher St",1126
"casual","Chicago Ave & Washington St",1124
"casual","Morgan St & Lake St*",1121
"casual","Dearborn St & Monroe St",1118
"casual","Campbell Ave & Augusta Blvd",1117
"casual","Sedgwick St & Chicago Ave",1112
"member","Sawyer Ave & Irving Park Rd",1104
"casual","Sheridan Rd & Loyola Ave",1102
"member","Clark St & Jarvis Ave",1102
"casual","Loomis St & Jackson Blvd",1098
"casual","Ashland Ave & Belle Plaine Ave",1095
"casual","Wood St & Hubbard St",1095
"member","Waveland/Racine Corral",1095
"casual","Dearborn St & Washington St",1093
"casual","Paulina St & Howard St",1087
"casual","Indiana Ave & 26th St",1083
"casual","Damen Ave & Sunnyside Ave",1081
"casual","Lincoln Ave & Waveland Ave",1077
"casual","Larrabee St & Clybourn Ave",1074
"member","Franklin St & Randolph St",1071
"member","Francisco Ave & Montrose Ave",1063
"member","Glenwood Ave & Touhy Ave",1060
"member","Shore Dr & 53rd St",1059
"casual","Southport Ave & Grace St",1054
"member","Morgan St & Hubbard St",1053
"casual","Racine Ave & 15th St",1051
"casual","University Library (NU)",1051
"casual","Troy St & North Ave",1050
"casual","Glenwood Ave & Morse Ave",1046
"casual","LaSalle St & Calhoun Pl",1046
"member","Lake Park Ave & 35th St",1044
"casual","Talman Ave & Addison St",1036
"casual","Laflin St & Cullerton St",1034
"casual","North Ave Beach Overflow Corral",1030
"member","Lake Park Ave & 47th St",1026
"casual","Wood St & Cortland St",1017
"casual","Canal St & Harrison St",1014
"casual","Green St & Randolph St*",1014
"member","Shields Ave & 28th Pl",1013
"casual","Ashland Ave & 13th St",1012
"casual","Morgan St & 31st St",1012
"member","Public Rack - Wells St & Scott St",1011
"casual","Clark/Racine Corral",1010
"casual","Hermitage Ave & Polk St",1008
"member","W Armitage Ave & N Sheffield Ave",1005
"casual","Damen Ave & Cullerton St",1003
"casual","Rockwell St & Division St",1002
"casual","Halsted St & 35th St",997
"casual","Clark St & Schreiber Ave",993
"member","Paulina St & Lincoln Ave Public Rack",991
"casual","California Ave & Altgeld St",981
"casual","Elston Ave & Wabansia Ave",981
"casual","State St & 33rd St",981
"member","Francisco Ave & Bloomingdale Ave",981
"casual","Oakley Ave & Lyndale St",980
"casual","Greenview Ave & Jarvis Ave",979
"casual","Halsted St & Melrose St",977
"casual","Emerald Ave & 31st St",974
"casual","California Ave & Montrose Ave",972
"casual","Leavitt St & Augusta Blvd",970
"casual","Spaulding Ave & Milwaukee Ave",968
"casual","Broadway & Cuyler Ave",967
"member","Public Rack - Rush St & Oak St",966
"casual","Winchester Ave & Elston Ave",963
"casual","Clark/Newport Corral",961
"member","Wentworth Ave & 24th St",959
"casual","Francisco Ave & Chicago Ave",956
"casual","Western Ave & Roscoe St",956
"member","Racine Ave & 13th St",956
"casual","Leavitt St & Lawrence Ave",955
"casual","Noble St & Potomac Ave",953
"casual","Clinton St & 18th St",950
"casual","Addison/Sheffield SW Corral",948
"member","California Ave & Granville Ave",946
"member","Eastlake Ter & Howard St",937
"casual","Halsted St & 21st St",932
"member","Sawyer Ave & Fullerton Ave",926
"member","Winthrop Ave & Bryn Mawr Ave",924
"casual","Lincoln Park Zoo",923
"member","Kimball Ave & Wrightwood Ave",923
"casual","Addison/Racine Corral",922
"casual","Seminary Ave & Belden Ave",922
"casual","State St & 19th St",921
"casual","Kosciuszko Park",914
"member","N Carpenter St & W Lake St",912
"casual","Wentworth Ave & 24th St",910
"casual","Western Ave & Wabansia Ave",908
"casual","Obama Presidential Center",906
"member","Drake Ave & Montrose Ave",903
"casual","Halsted St & Court Pl",900
"casual","State St & 35th St",899
"member","Keystone Ave & Fullerton Ave",899
"casual","Clark St & Elmdale Ave",891
"member","Western Ave & 21st St",883
"casual","Leavitt St & Hirsch St",877
"casual","Paulina St & Adams St",875
"casual","Rockwell St & Fletcher St",859
"casual","Rockwell St & Eastwood Ave",850
"casual","Campbell Ave & Fullerton Ave",848
"member","Monticello Ave & Lawrence Ave",848
"casual","Sheridan Rd & Columbia Ave",842
"member","Dorchester Ave & 49th St",841
"member","Lincoln Ave & Balmoral Ave",839
"casual","Spaulding Ave & Division St",829
"member","Wacker Dr & Washington St Corral",828
"casual","LaSalle St & Washington St",827
"casual","Wood St & Webster Ave",825
"casual","Avondale Ave & Irving Park Rd",819
"member","MLK Jr Dr & Pershing Rd",815
"casual","63rd St Beach",812
"casual","Ashland Ave & Division St",809
"member","Clark/Newport Corral",808
"casual","Damen Ave & Evergreen Ave",804
"casual","Albany Ave & Montrose Ave",801
"casual","Harper Ave & 59th St",797
"casual","Pine Grove Ave & Belmont Ave",790
"casual","Wood St & Taylor St (Temp)",790
"casual","Wentworth Ave & 33rd St",789
"member","Damen Ave & Grand Ave",788
"casual","Francisco Ave & Bloomingdale Ave",787
"member","Prairie Ave & Garfield Blvd",787
"casual","Calumet Ave & 33rd St",785
"member","Evanston Civic Center",785
"casual","Racine/Eddy Corral",780
"member","Keystone Ave & Montrose Ave",779
"casual","Campbell Ave & Montrose Ave",777
"casual","Evanston Civic Center",777
"member","Addison/Racine Corral",776
"casual","Lake Park Ave & 47th St",774
"casual","Central Park Ave & Bloomingdale Ave",773
"casual","Southport Ave & Newport Ave Public Rack",770
"member","McCormick Blvd & Devon Ave",770
"casual","Shields Ave & 31st St",762
"casual","Washtenaw Ave & Lawrence Ave",761
"member","Warren Park West",761
"casual","Kedzie Ave & George St",756
"casual","California Ave & Byron St",751
"member","Wallace St & 35th St",749
"member","Indiana Ave & 31st St",747
"member","Public Rack - Kingsbury Ave & Blackhawk St",745
"casual","Shore Dr & 53rd St",741
"member","Karlov Ave & Armitage Ave",737
"casual","Clark St & Washington St",735
"member","Clark/Racine Corral",732
"casual","Kedzie Ave & Leland Ave",730
"member","Albany Ave & Belmont Ave",730
"member","Milwaukee Ave & Wolfram St",728
"casual","Claremont Ave & Hirsch St",724
"member","St Louis Ave & Foster Ave",724
"casual","Elston Ave & George St",723
"casual","Western Ave & Congress Pkwy",721
"casual","St. Louis Ave & Fullerton Ave",717
"casual","Kenwood Ave & 57th St",715
"member","Racine/Eddy Corral",715
"member","Bernard St & Elston Ave",713
"member","Western Ave & Monroe St",711
"casual","Lincoln Ave & Winona St",705
"member","Addison/Sheffield SW Corral",704
"member","Lock St & 31st St",704
"casual","Hoyne Ave & Balmoral Ave",702
"member","Franklin St & Adams St Corral",702
"casual","Clark St & Columbia Ave",700
"member","LaSalle St & Calhoun Pl Corral",693
"casual","Franklin St & Madison St",685
"member","Loomis St & Archer Ave",683
"member","Western Ave & Howard St",681
"member","Kedzie Ave & Foster Ave",679
"casual","Christiana Ave & Lawrence Ave",678
"member","Bosworth Ave & Howard St",677
"member","Ravenswood Ave & Grace St",667
"casual","Greenview Ave & Diversey Pkwy",662
"casual","May St & Cullerton St",662
"member","South Shore Dr & 71st St",662
"casual","Ogden Ave & Congress Pkwy",658
"casual","Rhodes Ave & 32nd St",658
"member","Lake/Green Corral",657
"casual","Marshfield Ave & Wabansia Ave",654
"casual","Indiana Ave & 31st St",653
"member","N Shore Channel Trail & Argyle St",651
"member","Public Rack - Racine Ave & Nelson St",651
"casual","Rockwell Ave & Logan Blvd",648
"member","Cottage Grove Ave & 63rd St",648
"member","North Branch St & Haines St",642
"member","Public Rack - Dearborn St & Kinzie St 1",642
"member","Drake Ave & Armitage Ave",641
"member","Kedzie Ave & Bryn Mawr Ave",640
"casual","Sheridan Rd & Greenleaf Ave",633
"casual","Granville Ave & Clark St",632
"casual","Western Ave & Lyndale St",632
"casual","Winthrop Ave & Bryn Mawr Ave",628
"member","North Ave Beach Pedestrian Bridge",628
"member","Elston Ave & Henderson St",625
"member","Sheffield/Cornelia Corral",625
"casual","Smith Park",623
"member","DuSable Lake Shore Dr & Balbo Dr",622
"casual","Troy St & Elston Ave",621
"casual","Glenwood Ave & Touhy Ave",620
"member","Elmwood Ave & Austin St",619
"member","LaSalle St & Jackson Blvd Corral",618
"member","Clinton St & Polk St",617
"member","Stony Island Ave & 57th St",615
"casual","Public Rack - Racine Ave & Nelson St",614
"member","Kenmore Ave & Catalpa Ave",614
"casual","Wallace St & 35th St",613
"member","Fort Dearborn Dr & 31st St",613
"member","North Avenue Beach",613
"member","Wood St & Walnut St",610
"casual","Central St Metra",609
"member","Carpenter St & Lake St Public Rack",606
"casual","Lincoln Ave & Roscoe St*",605
"casual","Kimball Ave & Wrightwood Ave",603
"member","Clark St & Touhy Ave",603
"member","California Ave & 21st St",601
"member","Wallace St & 28th St",599
"casual","Prairie Ave & Garfield Blvd",598
"member","Central Park Ave & North Ave",598
"member","Normal Ave & Archer Ave",598
"casual","Monticello Ave & Irving Park Rd",597
"member","Troy St & Grace St",594
"member","Central St Metra",593
"member","Leavitt St & Archer Ave",593
"member","Central St & Girard Ave",592
"member","Sacramento Blvd & Addison St",587
"casual","Malcolm X College",584
"casual","Sacramento Ave & Lyndale St",584
"casual","Drake Ave & Addison St",581
"casual","Riley O'Neil Memorial Station at City Hall",578
"member","2112 W Peterson Ave",575
"casual","Public Rack - Rush St & Oak St",574
"member","Public Rack - Wells St & North Ave",574
"member","Calumet Ave & 35th St",573
"member","Halsted St & 37th St",572
"casual","Public Rack - Wells St & Scott St",571
"member","Cottage Grove Ave & 51st St",571
"member","Wells St & 19th St",570
"member","Grace/Sheffield Corral",568
"casual","Sheffield/Cornelia Corral",567
"member","Ridge Blvd & Touhy Ave",567
"casual","Francisco Ave & Foster Ave",566
"member","Monticello Ave & Diversey Ave",563
"member","Public Rack - Clark St & Diversey Pkwy (North 2)",554
"member","Campbell Ave & Irving Park Rd",552
"member","Ridge Blvd & Howard St",549
"casual","Paulina St & Lincoln Ave Public Rack",548
"member","Parnell Ave & 31st St",539
"member","N Southport Ave & W Newport Ave",536
"casual","Morgan St & Hubbard St",533
"member","Wood St & 35th St",533
"casual","Franklin St & Randolph St",531
"casual","Milwaukee Ave & Ainslie St",529
"casual","Winchester (Ravenswood) Ave & Balmoral Ave",525
"casual","Oak St Beach Public Rack - South",523
"member","Kedzie Ave & Chicago Ave",521
"casual","Marshfield Ave & Diversey Pkwy",520
"member","Budlong Woods Library",519
"member","North Ave Beach Overflow Corral",519
"member","Public Rack - Washtenaw Ave & Superior St",517
"casual","Western Ave & Grace St",514
"casual","Clinton St & Polk St",508
"member","Winthrop Ave & Sheridan Rd",506
"member","Knox Ave & Montrose Ave",505
"member","Damen Ave & Chicago Ave Public Rack",501
"member","N Paulina St & Lincoln Ave",500
"member","Dodge Ave & Church St",499
"member","DuSable Lake Shore Dr & Jackson Blvd",498
"casual","Cottage Grove Ave & Oakwood Blvd",496
"member","Milwaukee Ave & Diversey Ave",494
"casual","Public Rack - Dearborn St & Kinzie St 1",493
"casual","Sawyer Ave & Fullerton Ave",492
"member","Cottage Grove Ave & Oakwood Blvd",492
"member","Wolcott Ave & Fargo Ave",491
"casual","Theater on the Lake Overflow Corral",490
"member","Lockwood Ave & Wrightwood Ave",489
"member","Woodlawn Ave & Lake Park Ave",489
"casual","Central Park Ave & North Ave",484
"member","Public Rack - Kingsbury Ave & Eastman St",484
"casual","Oakley Ave & Irving Park Rd",483
"casual","Manor Ave & Leland Ave",482
"member","Glenwood Ave & Devon Ave",481
"member","Warren Park East",480
"member","Racine Ave & 35th St",477
"casual","Shields Ave & 28th Pl",475
"casual","Francisco Ave & Montrose Ave",474
"casual","South Shore Dr & 71st St",471
"casual","Cherry Ave & Blackhawk St",470
"casual","Leavitt St & Archer Ave",470
"member","California Ave & Lake St",470
"casual","South Shore Dr & 67th St",469
"member","Western Ave & 24th St",469
"casual","North Avenue Beach Pedestrian Bridge",465
"casual","Central St & Girard Ave",460
"casual","Eastlake Ter & Howard St",460
"member","Kilbourn Ave & Irving Park Rd",460
"casual","Western Ave & Berteau Ave",459
"casual","Western Ave & Fillmore St",457
"casual","Oak St Beach Public Rack - North",456
"casual","Public Rack - Wells St & North Ave",456
"casual","Calumet Ave & 35th St",454
"casual","Cottage Grove Ave & 63rd St",454
"casual","Stony Island Ave & 63rd St",453
"casual","Addison/Sheffield SE Corral",449
"member","Burling St & Armitage Ave",449
"member","Lincoln Ave & Peterson Ave",448
"member","Pulaski Rd & Eddy St",448
"member","Cottage Grove Ave & 43rd St",447
"casual","Western Ave & Granville Ave",445
"member","DuSable Museum",445
"casual","Sawyer Ave & Irving Park Rd",442
"casual","Wilton Ave & Diversey Pkwy*",442
"casual","Public Rack - Clybourn Ave & Webster Ave",441
"casual","W Armitage Ave & N Sheffield Ave",441
"casual","Woodlawn Ave & Lake Park Ave",441
"member","Kenneth Ave & Lawrence Ave",441
"casual","Addison/Wilton Corral",440
"casual","Kedzie Ave & 48th Pl",440
"member","MLK Jr Dr & 47th St",440
"casual","Wood St & Walnut St",439
"member","California Ave & Winona St",439
"member","Public Rack - Clybourn Ave & Webster Ave",439
"casual","Damen Ave & Grand Ave",435
"member","Cottage Grove Ave & 49th St",435
"casual","Public Rack - Michigan Ave & Delaware Pl",432
"member","Washtenaw Ave & Ogden Ave",431
"member","Rockwell St & Cermak Rd",429
"member","Addison/Sheffield SE Corral",427
"casual","Western Ave & Howard St",425
"member","Public Rack - Webster Ave & Halsted St",425
"member","Public Rack - Michigan Ave & Delaware Pl",424
"casual","Drake Ave & Montrose Ave",421
"casual","Clark St & Jarvis Ave",420
"casual","Western Ave & Monroe St",420
"casual","Parnell Ave & 31st St",415
"casual","Drake Ave & Armitage Ave",414
"member","Kostner Ave & Wrightwood Ave",414
"casual","Central Park Ave & Ogden Ave",412
"casual","Knox Ave & Montrose Ave",412
"member","63rd St Beach",412
"casual","Keystone Ave & Fullerton Ave",411
"casual","Public Rack - Michigan Ave & Wacker Dr (South)",410
"member","Public Rack - Trader Joe's Clybourn Ave",409
"casual","Milwaukee Ave & Wolfram St",406
"casual","Glenwood Ave & Devon Ave",404
"casual","Dodge Ave & Church St",402
"member","Public Rack - Orleans St & Grand Ave",402
"casual","University Ave & 65th St",401
"casual","MLK Jr Dr & Pershing Rd",400
"casual","Pulaski Rd & 51st St",398
"member","Dodge Ave & Main St",397
"casual","Western Ave & Gunnison St",395
"casual","Greenwood Ave & 47th St",394
"member","Kilbourn Ave & Milwaukee Ave",394
"member","University Ave & 65th St",392
"member","North Boundary Park",391
"casual","Public Rack - Michigan Ave & Wacker Dr (North)",390
"casual","California Ave & Lake St",387
"casual","McCormick Blvd & Devon Ave",387
"casual","Grace/Sheffield Corral",385
"casual","Lake/Green Corral",382
"casual","Western Ave & 21st St",382
"member","Public Rack - Michigan Ave & Wacker Dr (South)",381
"casual","Kilbourn Ave & Milwaukee Ave",379
"casual","Winthrop Ave & Sheridan Rd",377
"member","Valli Produce - Evanston Plaza",377
"casual","Dorchester Ave & 63rd St",376
"member","Karlov Ave & Lawrence Ave",376
"casual","Loomis St & Archer Ave",375
"member","Rockwell/Irving Park Hub",375
"member","W Washington Blvd & N Peoria St",375
"casual","Albany Ave & Belmont Ave",374
"casual","Emerald Ave & 28th St",372
"member","Public Rack - Hyde Park Blvd & 55th St",372
"member","Maplewood Ave & Peterson Ave",371
"casual","Elston Ave & Henderson St",370
"casual","Western Ave & 24th St",370
"casual","Milwaukee Ave & Diversey Ave",369
"casual","Prairie Ave & 43rd St",369
"member","Dorchester Ave & 63rd St",369
"member","Kildare Ave & Montrose Ave",369
"member","Public Rack - Desplaines St & Fulton St",369
"member","Washington Blvd & Peoria St Public Rack",369
"member","Stony Island Ave & 63rd St",368
"member","Oakley Ave & Touhy Ave",365
"casual","Stony Island Ave & 57th St",364
"casual","Racine Ave & 35th St",361
"casual","Elmwood Ave & Austin St",356
"casual","Lincoln Ave & Balmoral Ave",356
"casual","Washtenaw Ave & Polk St",355
"casual","Pulaski Rd & Eddy St",354
"casual","Racine Ave & 13th St",353
"member","N Damen Ave & W Chicago Ave",351
"casual","Kedzie Ave & Foster Ave",349
"member","Kedzie Ave & 21st St",349
"member","Addison/Wilton Corral",347
"casual","Midway Orange Line",345
"casual","Normal Ave & Archer Ave",344
"casual","Sacramento Blvd & Addison St",344
"member","Public Rack - Wells St & Schiller St",342
"casual","Public Rack - Kingsbury Ave & Blackhawk St",337
"member","Public Rack - Sangamon St & Fulton St",337
"casual","Cottage Grove Ave & 51st St",336
"member","Kilbourn Ave & Belden Ave",336
"member","Public Rack - Wacker Dr & Adams St",333
"member","Public Rack - Lincoln Ave & Fullteron Ave (Northwest)",331
"member","Lamon Ave & Belmont Ave",329
"member","South Shore Dr & 67th St",329
"member","Western Ave & Ardmore Ave",329
"casual","Burling St & Armitage Ave",328
"member","Public Rack - Clark St & Diversey Pkwy (South)",328
"casual","Lock St & 31st St",325
"casual","Public Rack - Webster Ave & Halsted St",325
"member","Fairfield Ave & Pratt Blvd",325
"member","Prairie Ave & 43rd St",323
"casual","Conservatory Dr & Lake St",321
"member","California Ave & 23rd Pl",321
"member","Milwaukee Ave & Cuyler Ave",321
"casual","Ravenswood Ave & Grace St",318
"casual","Valli Produce - Evanston Plaza",317
"member","Wells St & Randolph St Corral",316
"member","Conservatory Dr & Lake St",315
"member","LaSalle St & Adams St Corral",315
"member","Rockwell St & Archer Ave",312
"casual","Campbell Ave & Irving Park Rd",311
"casual","Dorchester Ave & 49th St",310
"member","Obama Presidential Center",310
"casual","Ridge Blvd & Touhy Ave",309
"member","Kedzie Ave & Lake St",308
"member","Public Rack - Southport Ave & Fullteron Ave",308
"casual","Bernard St & Elston Ave",306
"casual","Perry Ave & 69th St",306
"casual","Jeffery Blvd & 67th St",305
"member","Central Park Ave & Ardmore Ave",305
"member","St Louis Ave & Armitage Ave",304
"member","California Ave & 16th St",303
"member","N Green St & W Lake St",303
"member","Public Rack - Carpenter St & Madison St",302
"member","Public Rack - Wells St & Wacker Dr",302
"casual","California Ave & 21st St",300
"casual","Monticello Ave & Diversey Ave",300
"casual","Wallace St & 28th St",299
"member","Calumet Ave & 51st St",299
"member","Dearborn St & Adams St Corral",298
"member","Whipple St & Irving Park Rd",298
"member","Cottage Grove Ave & 78th St",294
"member","Hoyne Ave & 47th St",294
"casual","Cottage Grove Ave & 43rd St",293
"member","Public Rack - Clark St & Diversey Pkwy (North 1)",293
"casual","Kedzie Ave & Lake St",292
"casual","N Shore Channel Trail & Argyle St",291
"member","Public Rack - Rush St & Ontario St",290
"member","Public Rack - Washtenaw Ave & Devon Ave",290
"casual","Monticello Ave & Lawrence Ave",289
"casual","Public Rack - Lincoln Ave & Fullteron Ave (Northwest)",289
"member","Kedzie Ave & 48th Pl",289
"member","State St & 29th St",289
"casual","Public Rack - Rush St & Ontario St",287
"member","Public Rack - Halsted St & Fullerton Ave",287
"member","Chicago Ave & Grove St",285
"member","Jeffery Blvd & 67th St",284
"member","Jeffery Blvd & 71st St",284
"member","Oak St Beach Public Rack - North",283
"member","Western Ave & Lake St",283
"member","Halsted St & North Branch St",281
"member","Princeton Ave & 47th St",281
"member","South Shore Dr & 74th St",278
"casual","Kenmore Ave & Catalpa Ave",277
"member","Public Rack - Wells St & Lake St",277
"casual","Halsted St & North Branch St",275
"casual","Ogden Ave & Roosevelt Rd",275
"member","Kilbourn Ave & Roscoe St",275
"casual","Carpenter St & Lake St Public Rack",274
"casual","North Branch St & Haines St",274
"member","Bernard St & Peterson Ave",274
"casual","Big Marsh Park",273
"casual","Clark St & Touhy Ave",273
"casual","Warren Park East",273
"member","Public Rack - Clybourn Ave & Dickens Ave",272
"member","Kostner Ave & Belmont Ave",271
"member","Pulaski Rd & 51st St",271
"casual","Calumet Ave & 51st St",269
"casual","Western Ave & Lake St",269
"member","Clark St & Madison St",268
"member","Lincoln Park Zoo",268
"casual","Chicago Ave & Grove St",265
"casual","Keystone Ave & Montrose Ave",265
"casual","State St & 95th St",263
"casual","Warren Park West",263
"member","Vernon Ave & 75th St",263
"member","Cicero Ave & Roscoe Ave",261
"member","North Avenue Beach Pedestrian Bridge",260
"casual","Western Blvd & 48th Pl",259
"casual","Halsted St & 37th St",258
"member","Archer (Damen) Ave & 37th St",258
"casual","Ridge Blvd & Howard St",256
"member","Milwaukee Ave & Highland Ave",256
"casual","Rockwell St & Archer Ave",255
"member","Kenosha Ave & Wellington Ave",255
"casual","2112 W Peterson Ave",254
"casual","Public Rack - Rush St & Ohio St",254
"member","Western Blvd & 48th Pl",254
"member","Public Rack - Hoyne Ave & Walton St",253
"casual","Public Rack - Washtenaw Ave & Superior St",250
"member","Virginia Ave & Catalpa Ave",250
"casual","Budlong Woods Library",249
"casual","Princeton Ave & 47th St",249
"casual","Troy St & Grace St",249
"casual","N Southport Ave & W Newport Ave",248
"member","Fairfield Ave & Roosevelt Rd",247
"member","Public Rack - Woodlawn Ave & 63rd St N",247
"casual","St Louis Ave & Armitage Ave",246
"casual","MLK Jr Dr & 47th St",244
"casual","N Carpenter St & W Lake St",243
"member","Central Park Ave & Ogden Ave",243
"member","Edgebrook Metra",242
"member","Public Rack - Dearborn St & Superior St",241
"member","Public Rack - DuSable Lake Shore Dr & Ontario St",241
"casual","DuSable Museum",239
"casual","Dodge Ave & Main St",237
"casual","Indiana Ave & 40th St",237
"member","Springfield Ave & North Ave",237
"casual","Kildare Ave & Montrose Ave",235
"member","Cicero Ave & Wrightwood Ave",235
"member","Ashland Ave & Archer Ave",233
"member","Public Rack - Spaulding Ave & Evergreen Ave",233
"casual","Fairfield Ave & 44th St",232
"member","Kildare Ave & Division St",231
"member","Public Rack - Monticello Ave & Belmont Ave",230
"casual","Hoyne Ave & 47th St",228
"member","Melvina Ave & Giddings Ave",228
"member","Public Rack - Drake Ave & Leland Ave",228
"member","Elston Ave & Carmen Ave",227
"member","Public Rack - Kedzie Ave & Argyle St",227
"casual","Kedzie Ave & 21st St",226
"member","Linder Ave & Montrose Ave",226
"casual","Portage Park",225
"member","Central Park & Augusta Blvd",225
"member","Kilpatrick Ave & Grand Ave",225
"casual","California Ave & Granville Ave",224
"casual","Public Rack - Clark St & Diversey Pkwy (North 2)",224
"member","Public Rack - Rush St & Ohio St",224
"casual","Lincoln Ave & Peterson Ave",223
"casual","Rockwell St & Cermak Rd",223
"casual","State St & 29th St",220
"member","Midway Orange Line",220
"member","Public Rack - Christiana Ave & Belmont Ave",219
"casual","Wood St & 35th St",218
"member","Princeton Ave & Garfield Blvd",218
"member","Public Rack - Hamlin Ave & Montrose Ave",218
"member","Indiana Ave & 40th St",217
"casual","Austin Blvd & Lake St",216
"casual","Oakley Ave & Touhy Ave",216
"casual","Springfield Ave & North Ave",216
"casual","Eberhart Ave & 61st St",215
"casual","Lincolnwood Dr & Central St",214
"casual","Public Rack - Clark St & Diversey Pkwy (South)",214
"member","Lowell Ave & Armitage Ave",214
"casual","Ashland Ave & Pershing Rd",213
"member","Cottage Grove Ave & 67th St",213
"casual","Kedzie Ave & Chicago Ave",211
"casual","Theater on the Lake Public Rack - East",211
"member","Navy Pier Public Rack - East",211
"casual","Milwaukee Ave & Cuyler Ave",210
"casual","Bosworth Ave & Howard St",209
"casual","Kedzie Ave & 57th St",209
"member","Public Rack - Michigan Ave & Wacker Dr (North)",209
"member","Public Rack - Rockwell St & Chicago Ave",209
"member","Washtenaw Ave & Peterson Ave",209
"casual","Kilbourn Ave & Roscoe St",208
"casual","Stony Island Ave & 67th St",208
"casual","Karlov Ave & Armitage Ave",207
"casual","Public Rack - Wells St & Schiller St",207
"member","Public Rack - Jonathan Y Scammon Public School",207
"member","Whipple/Irving Park",207
"member","Damen Ave & Coulter St",206
"casual","Public Rack - Halsted St & Fullerton Ave",205
"casual","Dodge Ave & Mulford St",204
"casual","Laramie Ave & Addison St",204
"casual","Washtenaw Ave & Ogden Ave",203
"member","Dodge Ave & Mulford St",203
"member","Public Rack - Morgan St & Madison St",203
"member","California Ave & Touhy Ave",202
"member","Hyacinth Ave & Milwaukee Ave",202
"member","Lavergne Ave & Lawrence Ave",201
"member","Milwaukee Ave & Agatite Ave",201
"member","Public Rack - Dearborn St & Kinzie St 2",201
"casual","Kedzie Ave & Bryn Mawr Ave",200
"member","Public Rack - Milwaukee Ave & Haussen Ct",200
"casual","Sheridan Rd & Arthur Ave",199
"member","Kildare Ave & North Ave",199
"member","Menard Ave & Lawrence Ave",199
"member","Public Rack - Foster Ave & Drake Ave",199
"casual","Public Rack - Southport Ave & Fullteron Ave",198
"casual","South Shore Dr & 74th St",198
"member","Sacramento Ave & Pratt Blvd",197
"member","Public Rack - Racine Ave & Armitage Ave",196
"casual","Lowell Ave & Armitage Ave",195
"member","Laflin St & Taylor St",195
"casual","Public Rack - Clark St & Diversey Pkwy (North 1)",194
"member","Keeler Ave & Carmen Ave",194
"member","Washtenaw Ave & Polk St",194
"casual","Public Rack - Kingsbury Ave & Eastman St",192
"member","State St & 54th St",192
"member","Hoyne Ave & 34th St",191
"member","Public Rack - Damen Ave & Division St",190
"casual","Public Rack - Dearborn St & Kinzie St 2",189
"member","Halsted St & 96th St",189
"member","Avers Ave & Foster Ave",188
"member","Public Rack - California Ave & Cortez St",188
"casual","Wacker Dr & Washington St Corral",187
"member","Lincolnwood Dr & Central St",187
"casual","California Ave & 41st St",185
"casual","Public Rack - Sangamon St & Fulton St",185
"member","Public Rack - Orleans St & Ontario St",185
"casual","Public Rack - St Clair St & Superior St",184
"member","Theater on the Lake Overflow Corral",184
"casual","Central Park Ave & 24th St",183
"casual","Kostner Ave & Belmont Ave",183
"member","Kostner Ave & Bryn Mawr Ave",183
"member","Oak St Beach Public Rack - South",183
"member","Sheridan Rd & Arthur Ave",183
"casual","Fairfield Ave & Roosevelt Rd",182
"casual","Laramie Ave & Irving Park Rd",182
"casual","Narragansett Ave & Wrightwood Ave",181
"casual","St. Louis Ave & Balmoral Ave",180
"member","Kedzie Ave & 60th St",178
"member","Kilbourn Ave & Diversey Ave",178
"member","Lexington St & California Ave",178
"casual","Western Ave & Lunt Ave",177
"member","Narragansett Ave & Montrose Ave",177
"member","Eberhart Ave & 61st St",176
"member","Merrimac Park",176
"member","Kilpatrick Ave & Parker Ave",173
"casual","Kilbourn Ave & Irving Park Rd",172
"casual","N Paulina St & Lincoln Ave",172
"casual","North Boundary Park",171
"member","Ashland Ave & Pershing Rd",171
"member","Public Rack - Wells St & Monroe St",171
"casual","Keeler Ave & Carmen Ave",170
"casual","LaSalle St & Calhoun Pl Corral",170
"member","California Ave & 26th St",170
"member","Damen Ave & Pershing Rd",170
"casual","Public Rack - Wells St & Lake St",169
"member","Austin Blvd & Lake St",169
"member","Public Rack - Wabash Ave & Chicago Ave",169
"member","Halsted St & 51st St",168
"member","Millard Ave & 26th St",168
"member","Public Rack - Southport Ave & Webster Ave",168
"casual","Public Rack - DuSable Lake Shore Dr & Ontario St",167
"casual","Whipple St & Irving Park Rd",167
"member","Lake/Aberdeen Corral",167
"member","Mason Ave & Montrose Ave",167
"casual","Damen Ave & Coulter St",166
"casual","Washington Blvd & Peoria St Public Rack",166
"casual","California Ave & Touhy Ave",165
"casual","Damen Ave & Chicago Ave Public Rack",165
"casual","Kostner Ave & Wrightwood Ave",165
"casual","Avers Ave & Foster Ave",164
"member","Leavitt St & Argyle",164
"casual","Public Rack - Ogden Ave & Monroe St",163
"member","Public Rack - South Shore Dr & 71st St",162
"member","Sacramento Ave & Lunt Ave",162
"casual","Milwaukee Ave & Agatite Ave",161
"casual","Public Rack - Milwaukee Ave & Haussen Ct",160
"casual","Public Rack - Wells St & Wacker Dr",160
"member","Richmond St & Lincoln Ave",160
"casual","Marmora Ave & Irving Park Rd",159
"member","Kostner Ave & Devon Ave",159
"member","Public Rack - Clark St & Oak St",159
"casual","Archer (Damen) Ave & 37th St",158
"casual","Lockwood Ave & Wrightwood Ave",158
"casual","Public Rack - Orleans St & Grand Ave",158
"member","Public Rack - Justine St & 87th St",158
"casual","California Ave & Winona St",157
"casual","Public Rack - Southport Ave & Webster Ave",157
"member","Portage Park",157
"casual","Cottage Grove Ave & 49th St",156
"casual","Cottage Grove Ave & 67th St",156
"casual","Halsted St & 51st St",156
"casual","Kedzie Ave & 24th St",156
"casual","Public Rack - Christiana Ave & Belmont Ave",156
"member","Navy Pier Public Rack - West",155
"member","Racine/Lake Corral",155
"casual","Karlov Ave & Lawrence Ave",154
"casual","Navy Pier Overflow Corral",154
"casual","Rockwell/Irving Park Hub",154
"casual","Waveland/Wilton Corral",154
"member","Damen Ave/Coulter St",154
"member","Farragut Ave & Central Ave",154
"member","Kedzie Ave & 57th St",154
"member","Public Rack - Dearborn St & Jackson Ave",154
"casual","N Green St & W Lake St",153
"casual","Western Ave & Ardmore Ave",153
"casual","Walden Pkwy & 100th St",152
"member","Hastings St Depot Public Rack",152
"member","Sacramento Blvd & Franklin Blvd",152
"casual","Princeton Ave & Garfield Blvd",151
"member","Public Rack - Wells St & Grand Ave",151
"casual","Public Rack - Carpenter St & Madison St",149
"member","Central Park Ave & Augusta Blvd",149
"member","Central Park Blvd & 5th Ave",149
"member","Stony Island Ave & 71st St",149
"casual","Public Rack - Hyde Park Blvd & 55th St",148
"casual","Stony Island Ave & 64th St",148
"member","Central Park Ave & Ohio St",148
"member","Sacramento Blvd & Fulton Ave",148
"casual","Cicero Ave & Lake St",147
"member","Kenmore Ave & School St",147
"member","Waveland/Wilton Corral",147
"member","Halsted St & 47th Pl",145
"member","Public Rack - Spaulding Ave & North Ave",145
"member","Stony Island Ave & 64th St",145
"member","[Archived] Wilton Ave & Diversey Pkwy",145
"casual","Kilbourn Ave & Diversey Ave",144
"casual","Public Rack - Wabash Ave & Balbo Dr",144
"member","Phillips Ave & 79th St",144
"member","Public Rack - Hamlin Ave & Fullerton Ave",144
"casual","Fairfield Ave & Pratt Blvd",143
"member","Public Rack - Jensen Park",143
"member","Lavergne Ave & Fullerton Ave",142
"member","Pulaski Rd & Ann Lurie Pl",142
"casual","Central Park Ave & Ohio St",141
"casual","Hamlin Ave & Grand Ave",141
"casual","Maplewood Ave & Peterson Ave",141
"member","Ashland Ave & McDowell Ave",141
"member","Stony Island Ave & 75th St",141
"casual","Ashland Ave & Archer Ave",140
"casual","California Ave & 23rd Pl",140
"casual","Kenneth Ave & Lawrence Ave",140
"casual","Kilbourn Ave & Belden Ave",140
"casual","Wood St & 33rd St",140
"member","Central Ave & Altgeld St",140
"casual","Jeffery Blvd & 71st St",139
"casual","Kostner Ave & Bryn Mawr Ave",139
"casual","Theater on the Lake Public Rack - South",139
"member","Lockwood Ave & Grand Ave",138
"casual","Grace St & Cicero Ave",136
"casual","Kildare Ave & North Ave",136
"member","Narragansett Ave & Wrightwood Ave",136
"casual","Kenosha Ave & Wellington Ave",135
"member","Public Rack - Wacker Dr & Madison St (West)",135
"member","Western Ave & 43rd St",135
"casual","Long Ave & Belmont Ave",134
"casual","Pulaski Rd & Congress Pkwy",134
"casual","Franklin St & Adams St Corral",133
"casual","Milwaukee Ave & Highland Ave",133
"member","Central Ave & Lake St",133
"casual","Keeler Ave & Roosevelt Rd",132
"casual","Lexington St & California Ave",132
"casual","Public Rack - Halsted St Metra Station",132
"member","Public Rack - Wells St & Ontario St",132
"casual","Central Ave & Altgeld St",131
"member","Public Rack - Ogden Ave & Monroe St",131
"member","Sacramento Blvd & Fulton St",131
"casual","Wolcott Ave & Fargo Ave",130
"member","Public Rack - Halsted St Metra Station",130
"casual","Public Rack - Dearborn St & Superior St",129
"casual","Wentworth Ave & 63rd St",129
"member","Larrabee St & Chicago Ave",129
"member","Long Ave & Diversey Ave",129
"member","Public Rack - Hyde Park Blvd & 53rd St",129
"member","Public Rack - Wacker Dr & Madison St (East)",129
"casual","Dempster CTA",128
"member","Harlem Ave & Irving Park Rd",128
"casual","Homan Ave & 26th St",127
"casual","Public Rack - Rockwell St & Chicago Ave",127
"casual","Wells St & Randolph St Corral",126
"member","Grace St & Cicero Ave",126
"casual","Ashland Ave & 50th St",125
"casual","Dan Ryan Woods & 83rd St",125
"casual","Mozart St & Jackson Blvd",125
"casual","Sacramento Blvd & Fulton St",125
"casual","W Washington Blvd & N Peoria St",125
"member","Francisco Ave & Hollywood Ave",125
"member","Western Ave & 28th St",125
"member","Public Rack - Milwaukee Ave & Diversey Ave",124
"casual","Edgebrook Metra",123
"member","Public Rack - St Clair St & Superior St",123
"casual","Kedzie Ave & 54th Pl",122
"casual","Long Ave & Irving Park Rd",122
"casual","MLK Jr Dr & 56th St",122
"casual","Orrington Ave & Clark St",122
"casual","Public Rack - Wacker Dr & Adams St",122
"member","Public Rack - Leavitt St & Potomac Ave",122
"casual","Damen Ave & Pershing Rd",121
"casual","Dearborn St & Adams St Corral",121
"casual","Public Rack - Monticello Ave & Belmont Ave",121
"member","Lynch Ave & Elston Ave",121
"member","Ping Tom Park East Public Rack",121
"casual","Hoyne Ave & 34th St",120
"member","Lake/Morgan Corral",120
"member","Wood St & 33rd St",120
"member","Public Rack - Kedvale Ave & 63rd St W",119
"casual","Stony Island Ave & 71st St",118
"casual","Central Park Ave & Ardmore Ave",117
"casual","Foster CTA",116
"casual","Nordica Ave & Medill Ave",116
"casual","Public Rack - Desplaines St & Fulton St",116
"casual","Public Rack - Jonathan Y Scammon Public School",116
"casual","Austin Blvd & Madison St",115
"casual","California Ave & Madison St",115
"casual","Clark St & Madison St",115
"casual","Lamon Ave & Belmont Ave",115
"casual","St Louis Ave & Foster Ave",115
"member","Public Rack - Kimball & Ardmore",115
"casual","Halsted St & 63rd St",114
"casual","Kostner Ave & 63rd St",114
"casual","Noyes CTA",114
"member","Public Rack - Kenmore Ave & Armitage Ave",114
"casual","Clark Beach",113
"casual","Melvina Ave & Giddings Ave",113
"member","Ashland Ave & 50th St",113
"member","Public Rack - Rockwell & Division",113
"casual","Harlem Ave & Irving Park Rd",112
"member","Dempster CTA",112
"casual","Lavergne Ave & Fullerton Ave",111
"casual","Leavitt St & Argyle",111
"casual","Public Rack - Racine Ave & Armitage Ave",111
"casual","Union Ave & Root St",111
"member","Public Rack - Pulaski Rd & 44th St",111
"casual","Public Rack - Wabash Ave & Chicago Ave",110
"casual","Shabbona Park",110
"member","Lake/Sangamon Corral",110
"casual","Chicago State University",109
"casual","Lockwood Ave & Grand Ave",109
"casual","Menard Ave & Lawrence Ave",109
"casual","Sacramento Blvd & Franklin Blvd",109
"member","Stony Island Ave & 67th St",109
"casual","Damen Ave/Coulter St",108
"casual","Linder Ave & Montrose Ave",108
"casual","Public Rack - Dearborn St & Jackson Ave",108
"casual","State St & 45th St",108
"member","Lavergne Ave & Diversey Ave",108
"member","MLK Jr Dr & 56th St",108
"member","Ping Tom Park (East)",108
"casual","Grace St & Central Ave",107
"casual","Pulaski Rd & Lake St",107
"casual","State St & 79th St",107
"member","Central Ave & Parker Ave",107
"member","Komensky Ave & 47th St",107
"member","Kedzie Ave & Jackson Blvd",106
"member","Laramie Ave & Irving Park Rd",106
"member","MLK Jr Dr & 83rd St",106
"casual","Cumberland Ave & Catherine Ave",105
"casual","Pine Ave & Division St",105
"casual","Public Rack - Trader Joe's Clybourn Ave",105
"member","Hamlin Ave & Grand Ave",105
"casual","Kedzie Ave & 60th St",103
"casual","Sayre Ave & Diversey Ave",103
"member","Albany Ave & 26th St",103
"member","Leclaire Ave & Belmont Ave",103
"member","Public Rack - Burling Ave & Armitage Ave",103
"casual","Kostner Ave & Devon Ave",102
"casual","LaSalle St & Jackson Blvd Corral",102
"casual","Whipple/Irving Park",102
"member","Albany Ave & 16th St",102
"member","Artesian Ave & 55th St",102
"member","Laramie Ave & Bloomingdale Ave",102
"casual","Laramie Ave & Kinzie St",101
"casual","Lavergne Ave & Diversey Ave",101
"casual","Virginia Ave & Catalpa Ave",101
"member","Oglesby Ave & 100th St",101
"member","Public Rack - Wabash Ave & Balbo Dr",101
"member","Theater on the Lake Public Rack - East",101
"casual","Richmond St & Lincoln Ave",100
"member","Public Rack - Clifton Ave & Armitage Ave",100
"casual","Albany Ave & 16th St",99
"casual","Central Ave & Lake St",99
"casual","Halsted St & 73rd St",99
"casual","Morgan St & Pershing Rd",99
"member","Rainbow Beach",99
"casual","Lawler Ave & North Ave",98
"casual","Ping Tom Park East Public Rack",98
"member","Central Ave & Chicago Ave",98
"casual","Lawler Ave & 50th St",97
"casual","Lawndale Ave & 30th St",97
"casual","Meade Ave & Fullerton Ave",97
"casual","Narragansett Ave & North Ave",97
"casual","Public Rack - Ashland Orange Line CTA",97
"casual","Public Rack - Clybourn Ave & Dickens Ave",97
"member","Foster CTA",97
"member","Homan Ave & Fillmore St",97
"casual","Campbell Ave & 51st St",96
"casual","LaSalle St & Adams St Corral",96
"casual","Laramie Ave & Bloomingdale Ave",96
"casual","Public Rack - Woodlawn Ave & 63rd St N",96
"member","Hastings LWS",96
"casual","Elston Ave & Carmen Ave",95
"casual","Halsted St & 69th St",95
"casual","Mason Ave & Montrose Ave",95
"member","Public Rack - Harold Washington Park",95
"member","Washington/Green (Green Side) Corral",95
"casual","Public Rack - California Ave & Cortez St",94
"casual","Sacramento Ave & Pratt Blvd",94
"casual","Steelworkers Park",94
"member","Central Park Ave & 24th St",94
"member","Kedzie Ave & 24th St",94
"member","Lake/Carpenter Corral",94
"member","Public Rack - Karlov Ave & Milwaukee Ave",94
"member","Public Rack - Oakley Blvd & Grand Ave",94
"casual","Francisco Ave & 47th St",93
"casual","Prospect Sq & 91st St",93
"casual","Rockwell St & 57th St",93
"member","Vernon Ave & 79th St",93
"casual","Ashland Ave & McDowell Ave",92
"member","Long Ave & Irving Park Rd",92
"casual","Cicero Ave & Wrightwood Ave",91
"casual","Commercial Ave & 130th St",91
"casual","Public Rack - Damen Ave & Division St",91
"casual","Western Ave & 101st St",91
"member","Hastings St Depot LWS",91
"member","Tripp Ave & 15th St",91
"casual","Sacramento Ave & Lunt Ave",90
"member","Austin Ave & Milwaukee Ave",90
"member","Marmora Ave & Irving Park Rd",90
"casual","California Ave & 36th St",89
"casual","Cicero Ave & Roscoe Ave",89
"casual","Pershing Rd & Sacramento Ave",89
"member","Kedvale Ave & Peterson Ave",89
"member","Public Rack - Hoyne Ave & Grand Ave",89
"member","Public Rack - Western Ave & 47th Pl",89
"casual","Central & Elston",88
"casual","Central Ave & Wellington Ave",88
"casual","Narragansett Ave & Montrose Ave",88
"member","MLK Jr Dr & 63rd St",88
"member","Public Rack - Keystone Ave & Irving Park Rd",88
"casual","Burnham Greenway & 112th St",87
"casual","Public Rack - Hamlin Ave & Fullerton Ave",87
"casual","Stony Island Ave & 75th St",87
"member","Sacramento Ave & 25th St",87
"member","State St & 79th St",87
"casual","Albany Ave & 26th St",86
"casual","Kilpatrick Ave & Parker Ave",86
"casual","Public Rack - Spaulding Ave & Evergreen Ave",86
"casual","Tripp Ave & 65th St",86
"casual","Western Ave & 43rd St",86
"member","Public Rack - Leamington & Elston",86
"member","Public Rack - St Clair St & Ontario St",86
"casual","Calumet Park",85
"casual","Farragut Ave & Central Ave",85
"casual","Monticello Ave & Chicago Ave",85
"casual","Pulaski Rd & 54th St",85
"casual","Albany Ave & Douglas Blvd",84
"casual","Kedzie Ave & 52nd St",84
"casual","State St & Pershing Rd",84
"casual","Washtenaw Ave & Peterson Ave",84
"member","Cottage Grove Ave & 83rd St",84
"member","Public Rack - Emerald Ave & 43rd St",84
"member","Shields Ave & 43rd St",84
"member","Wabash Ave & 87th St",84
"casual","Austin Ave & Milwaukee Ave",83
"casual","Austin Blvd & Chicago Ave",83
"casual","Wabash Ave & 59th St",83
"member","Pine Ave & Division St",83
"casual","N Damen Ave & W Chicago Ave",82
"casual","Public Rack - Wells St & Monroe St",82
"casual","St Louis Ave & Norman Bobbins Pl",82
"member","Central Ave & Madison St",82
"member","Hubbard St Depot Public Rack",82
"member","Nordica Ave & Medill Ave",82
"casual","Hyacinth Ave & Milwaukee Ave",81
"casual","Ping Tom Park (East)",81
"casual","Public Rack - Oakley Blvd & Grand Ave",81
"casual","Public Rack - Wells St & Grand Ave",81
"casual","Racine/Lake Corral",81
"member","Grace St & Central Ave",81
"member","Harlem Ave & Bloomingdale Ave",81
"member","Morgan St & Pershing Rd",81
"member","Public Rack - Western Ave & Devon Ave",81
"casual","Kildare Ave & 47th St",80
"casual","Stewart Ave & 123rd St",80
"member","Harding Ave & Division St",80
"member","Kildare Ave & Chicago Ave",80
"member","Public Rack - Campbell Ave & Pratt Blvd",80
"member","Yates Blvd & 75th St",80
"member","Constance Ave & 95th St",79
"member","Richmond St & 59th St",79
"member","Union Ave & Root St",79
"casual","Kedzie Ave & Archer Ave",78
"casual","Public Rack - Kedzie Ave & Argyle St",78
"casual","Public Rack - South Shore Dr & 71st St",78
"member","California Ave & Madison St",78
"member","Long & Irving Park",78
"member","Navy Pier Overflow Corral",78
"casual","Burnham Shores",77
"casual","Cottage Grove Ave & 83rd St",77
"casual","Lake/Morgan Corral",77
"member","Komensky Ave & 31st St",77
"member","Long Ave & Belmont Ave",77
"casual","Columbus Ave & 79th St",76
"casual","Kenmore Ave & School St",76
"casual","Lake/Aberdeen Corral",76
"casual","Major Ave & Addison St",76
"casual","Millard Ave & 26th St",76
"casual","Rockwell St & 47th St",76
"member","Central & Elston",76
"member","Chicago State University",76
"member","Lamon Ave & Armitage Ave",76
"member","Laramie Ave & Kinzie St",76
"casual","California & 16th St",75
"casual","MLK Jr Dr & 63rd St",75
"casual","Public Rack - Keystone Ave & Irving Park Rd",75
"member","Austin Blvd & Madison St",75
"member","Halsted St & 63rd St",75
"member","Harding Ave & Chicago Ave",75
"member","Kedzie Ave & Harrison St",75
"member","Kedzie Ave & Roosevelt Rd",75
"member","Mozart St & Jackson Blvd",75
"member","Noyes CTA",75
"member","Wallace St & Pershing Rd",75
"casual","Arrington Lagoon",74
"casual","Central Ave & Parker Ave",74
"casual","Merrimac Park",74
"member","California & 16th St",74
"member","Calumet Park",74
"member","Higgins Ave & Austin Ave",74
"member","Laramie Ave & Madison St",74
"member","Meade Ave & Fullerton Ave",74
"member","Public Rack - Sheffield Ave & Belden Ave",74
"casual","Halsted St & 59th St",73
"casual","Higgins Ave & Austin Ave",73
"casual","Kedzie Ave & Harrison St",73
"casual","Kostner Ave & Lake St",73
"casual","Public Rack - Burling Ave & Armitage Ave",73
"casual","Public Rack - Spaulding Ave & North Ave",73
"member","California Ave & 41st St",73
"member","Public Rack - Ashland Orange Line CTA",73
"member","State St & 95th St",73
"member","Vincennes Ave & 79th St",73
"casual","Central Park Blvd & 5th Ave",72
"casual","Dauphin Ave & 87th St",72
"casual","La Villita Park",72
"casual","Mason Ave & Grand Ave",72
"casual","Public Rack - Kenmore Ave & Armitage Ave",72
"casual","Public Rack - Loomis St & Eleanor St",72
"casual","State St & 54th St",72
"casual","Theater on the Lake Public Rack - North",72
"casual","Hale Ave & 107th St",71
"casual","Harding Ave & Division St",71
"casual","Kedzie Ave & Roosevelt Rd",71
"casual","Lavergne Ave & Lawrence Ave",71
"casual","Leclaire Ave & Belmont Ave",71
"casual","Public Rack - Wacker Dr & Madison St (East)",71
"casual","Public Rack - Wells St & Ontario St",71
"casual","California Ave & Marquette Rd",70
"casual","Central Ave & Roscoe St",70
"casual","Kedzie Ave & Jackson Blvd",70
"casual","Long Ave & Belden Ave",70
"casual","Public Rack - Morgan St & Madison St",70
"casual","Western Ave & 28th St",70
"member","Francisco Ave & 47th St",70
"member","Pulaski Rd & Lake St",70
"member","Vincennes Ave & 95th St",70
"casual","Francisco Ave & Hollywood Ave",69
"casual","Lawndale Ave & 111th St",69
"casual","Shields Ave & 43rd St",69
"member","Commercial Ave & 83rd St",69
"casual","Damen Ave & 81st St",68
"casual","Kedvale Ave & Peterson Ave",68
"casual","Marshfield Ave & 44th St",68
"casual","Public Rack - Leavitt St & Potomac Ave",68
"casual","Washington/Green (Green Side) Corral",68
"casual","Halsted St & 47th Pl",67
"casual","Kedzie Ave & 38th Pl",67
"casual","Mulligan Ave & Archer Ave",67
"casual","Rainbow Beach",67
"member","Theater on the Lake Public Rack - South",67
"casual","Central Park Ave & Washington Blvd",66
"casual","Kildare Ave & Archer Ave",66
"casual","Mango Ave & North Ave",66
"casual","Wabash Ave & 87th St",66
"member","Evans Ave & 75th St",66
"member","Granville Ave & Pulaski Rd",66
"member","Oak Park & Wellington",66
"member","Troy St & Jackson Blvd",66
"member","Walden Pkwy & 100th St",66
"member","Washington/Green (Washington Side) Corral",66
"casual","Bernard St & Peterson Ave",65
"casual","Exchange Ave & 79th St",65
"casual","Kildare Ave & Division St",65
"casual","Narragansett Ave & McLean Ave",65
"casual","Phillips Ave & 79th St",65
"casual","Throop St & 52nd St",65
"member","Big Marsh Park",65
"member","Exchange Ave & 79th St",65
"member","Harding Ave & 26th St",65
"member","Lamon Ave & Chicago Ave",65
"member","Orrington Ave & Clark St",65
"member","Public Rack - Milwaukee Ave & Higgins Ave",65
"member","Public Rack - Western Ave & Jarvis Ave",65
"member","State St & 45th St",65
"casual","Ashland Ave & 74th St",64
"casual","Ave L & 114th",64
"casual","Eggleston Ave & 111th St",64
"casual","Wabash Ave & 49th St",64
"member","Public Rack - Hollywood Park",64
"member","Public Rack - Keating & Peterson",64
"casual","Baltimore Ave & 87th St",63
"casual","Damen Ave & 51st St",63
"casual","Harlem Ave & Bloomingdale Ave",63
"casual","Marmora Ave & Belmont Ave",63
"casual","North Ave Public Rack - 3",63
"casual","North Ave Public Rack - 5",63
"casual","Public Rack - Clark St & Oak St",63
"casual","Public Rack - Kimbark Ave & 67th St",63
"casual","Public Rack - St Clair St & Ontario St",63
"member","Lawndale Ave & 59th St",63
"member","Overhill Ave & Belmont Ave",63
"casual","California Ave & 16th St",62
"casual","California Ave & 26th St",62
"casual","Eggleston Ave & 69th St",62
"casual","Kenneth Ave & 50th St",62
"casual","Long Ave & Diversey Ave",62
"casual","Public Rack - Karlov Ave & Milwaukee Ave",62
"member","Kedzie Ave & Archer Ave",62
"member","Long Ave & North Ave",62
"member","Public Rack - Prairie Ave & 47th St",62
"casual","Ewing Ave & 106th St",61
"casual","Harding Ave & 26th St",61
"casual","Homan Ave & Arthington Ave",61
"casual","Public Rack - Hoyne Ave & Walton St",61
"casual","Public Rack - Hyde Park Blvd & 53rd St",61
"casual","Public Rack - Sheffield Ave & Dickens Ave",61
"casual","State St & 111th St",61
"casual","Vincennes Ave & 104th St",61
"member","California Ave & 36th St",61
"member","Maplewood Ave & 59th St",61
"member","Public Rack - Springfield Ave & Lawrence Ave",61
"member","Pulaski Rd & Congress Pkwy",61
"casual","Ashland Ave & Garfield Blvd",60
"casual","Le Mai Ave & Devon Ave",60
"casual","Western Ave & 79th St",60
"member","Laramie Ave & Addison St",60
"member","Major Ave & Addison St",60
"member","Sayre Ave & Diversey Ave",60
"member","Wentworth Ave & 63rd St",60
"casual","Dauphin Ave & 103rd St",59
"casual","Lynch Ave & Elston Ave",59
"casual","Orange Ave & Addison St",59
"casual","Public Rack - Cicero Ave & Belle Plaine Ave",59
"casual","Public Rack - Harold Washington Park",59
"member","Houston Ave & 92nd St",59
"member","Lincoln Ave & Hutchinson St",59
"member","Perry Ave & 69th St",59
"member","Public Rack - Maplewood Ave & Chicago Ave",59
"member","Public Rack - Sheffield Ave & Dickens Ave",59
"casual","Kedzie Ave & 83rd St",58
"casual","Maplewood Ave & 59th St",58
"casual","Nagle Ave & Belmont Ave",58
"member","Albany Ave & Douglas Blvd",58
"casual","Central Park Ave & Augusta Blvd",57
"casual","Damen Ave & 87th St",57
"casual","Front Ave & 115th St",57
"casual","Hamlin Ave & 62nd Pl",57
"casual","Sacramento Ave & 25th St",57
"casual","Spaulding Ave & 16th St",57
"casual","Vincennes Ave & 107th St",57
"casual","Wallace St & Pershing Rd",57
"member","Kedzie Ave & 54th Pl",57
"member","Public Rack - Clifton Ave & Webster Ave",57
"member","Rockwell St & 47th St",57
"casual","Archer Ave & Homan Ave",56
"casual","Cottage Grove Ave & 111th Pl",56
"casual","Halsted St & 93rd St",56
"casual","Princeton Ave & 95th St",56
"casual","Public Rack - Centennial Park North",56
"casual","Public Rack - Hamlin Ave & Montrose Ave",56
"casual","Public Rack - Wacker Dr & Madison St (West)",56
"member","Dauphin Ave & 87th St",56
"member","Monticello Ave & Chicago Ave",56
"member","Vernon Ave & 107th St",56
"casual","21st St & Pulaski Rd",55
"casual","Francisco Ave & 85th St",55
"casual","Kedzie Ave & 45th St",55
"casual","Knox Ave & Marquette Ave",55
"casual","Maple Ave & Grove St",55
"casual","Meade Ave & Addison St",55
"casual","Menard Ave & Milwaukee Ave",55
"casual","Public Rack - Orleans St & Ontario St",55
"casual","Western Ave & 111th St",55
"member","Lake Park Ave & 56th St (temp location)",55
"member","Public Rack - Avers Ave & Irving Park Rd",55
"member","Public Rack - Kimball Ave & Lawrence Ave",55
"member","Public Rack - Western Ave & Chicago Ave",55
"casual","Central Ave & Madison St",54
"casual","Jeffery Blvd & 76th St",54
"casual","Torrence Ave & 126th Pl",54
"casual","Yates Blvd & 75th St",54
"member","Public Rack - Winona St & Elston Ave",54
"member","Seeley Ave & Garfield Blvd",54
"member","State St & Pershing Rd",54
"casual","Burnham Greenway & 105th St",53
"casual","Clyde Ave & 87th St",53
"casual","Ellis Ave & 83rd St",53
"casual","Halsted St & 104th St",53
"casual","Kilpatrick Ave & Grand Ave",53
"casual","Public Rack - Clifton Ave & Armitage Ave",53
"casual","Public Rack - Rockwell & Division",53
"casual","Western Ave & 104th St",53
"member","Central Ave & Wellington Ave",53
"member","Elizabeth St & 47th St",53
"member","Public Rack - Central Park & Peterson",53
"casual","Larrabee St & Chicago Ave",52
"casual","Racine Ave & Garfield Blvd",52
"member","Arrington Lagoon",52
"casual","Central Ave & Harrison St",51
"casual","Central Park Ave & Douglas Blvd",51
"casual","Laflin St & Taylor St",51
"casual","Leamington Ave & Hirsch St",51
"casual","Long & Irving Park",51
"casual","Cottage Grove Ave & 71st St",50
"casual","East End Ave & 87th St",50
"casual","Houston Ave & 92nd St",50
"casual","Mayfield Ave & Roosevelt Rd",50
"casual","Springfield Ave & 47th St",50
"member","North Ave Public Rack - 5",50
"casual","Komensky Ave & 47th St",49
"casual","Mozart St & 79th St",49
"casual","Pulaski Rd & 75th St",49
"member","Burnham Greenway & 112th St",49
"member","Kildare Ave & Archer Ave",49
"member","Long Ave & Belden Ave",49
"member","Public Rack - Irving Park Rd & Leclaire Ave",49
"member","Public Rack - Mango & Higgins",49
"casual","Baltimore Ave & 133rd St",48
"casual","Lamon Ave & Armitage Ave",48
"casual","Lavergne Ave & Division St",48
"member","Damen Ave & 33rd St",48
"member","Leavitt St/North Ave",48
"member","Pershing Rd & Sacramento Ave",48
"member","Public Rack - Bryn Mawr Ave & Spaulding Ave",48
"member","Public Rack - Karlov Ave & Kamerling Ave",48
"member","Public Rack - Kenneth & Carmen",48
"member","Robert Crown Community Center",48
"casual","Halsted St & 119th St",47
"casual","Halsted St & 56th St",47
"casual","Lake/Sangamon Corral",47
"casual","Laramie Ave & Madison St",47
"casual","Meade Ave & Diversey Ave",47
"casual","Michigan Ave & 105th St",47
"casual","Newcastle Ave & Irving Park Rd",47
"member","Archer Ave & 49th St",47
"member","Baltimore Ave & 87th St",47
"member","Lawler Ave & North Ave",47
"member","Lawndale Ave & 30th St",47
"member","Northwestern Main Campus",47
"member","Spaulding Ave & 16th St",47
"casual","Kildare Ave & Chicago Ave",46
"casual","Lavergne Ave & 46th St",46
"casual","Mason Ave & Belmont Ave",46
"casual","Wellington Ave & Mulligan Ave",46
"member","Cumberland Ave & Catherine Ave",46
"member","Halsted St & 104th St",46
"member","Indiana Ave & 103rd St",46
"member","Le Mai Ave & Devon Ave",46
"member","Public Rack - California Ave & Pershing Rd",46
"member","Public Rack - Loomis St & Eleanor St",46
"member","Public Rack - Milwaukee Ave & Kennedy Expy",46
"member","Public Rack - Spaulding Ave & Bryn Mawr Ave",46
"member","Springfield Ave & 47th St",46
"member","Wentworth Ave & 92nd St",46
"casual","Calumet Ave & 71st St",45
"casual","Central Ave & Chicago Ave",45
"casual","Doty Ave & 111th St",45
"casual","Harding Ave & Chicago Ave",45
"casual","Northwestern Main Campus",45
"casual","Public Rack - Western Blvd & 49th St",45
"casual","Sacramento Blvd & Fulton Ave",45
"member","Homan Ave & Arthington Ave",45
"member","South Boulevard CTA",45
"casual","Cicero Ave & Quincy St",44
"casual","Commercial Ave & 83rd St",44
"casual","Panama Ave & Grace St",44
"member","Avers Ave & 16th St",44
"member","Central Ave & Roscoe St",44
"member","Central Park Ave & Washington Blvd",44
"member","Menard Ave & Milwaukee Ave",44
"member","Public Rack - Orleans St & Chicago Ave",44
"casual","Artesian Ave & 55th St",43
"casual","California Ave & 71st St",43
"casual","Kildare Ave & 55th St",43
"casual","Public Rack - Emerald Ave & 43rd St",43
"casual","Public Rack - Milwaukee Ave & Diversey Ave",43
"casual","Whipple St & Roosevelt Rd",43
"member","Kedzie Ave & 45th St",43
"member","Latrobe Ave & Chicago Ave",43
"member","Phillips Ave & 83rd St",43
"member","Public Rack - Central & Leland",43
"member","Steelworkers Park",43
"casual","Avers Ave & 16th St",42
"casual","Kedzie Ave & Redfield Dr",42
"casual","Lawndale Ave & 16th St",42
"casual","Michigan Ave & 71st St",42
"casual","Monitor Ave & Division St",42
"casual","Public Rack - Springfield Ave & Lawrence Ave",42
"casual","Public Rack - Washtenaw Ave & Devon Ave",42
"casual","Racine Ave & 115th St",42
"casual","Richmond St & 59th St",42
"member","Dauphin Ave & 103rd St",42
"member","Hale Ave & 107th St",42
"member","Mason Ave & Grand Ave",42
"member","Narragansett Ave & North Ave",42
"member","Prospect Sq & 91st St",42
"member","Public Rack - Keystone Ave & North Ave",42
"member","Public Rack - Peterson Park",42
"member","Public Rack - Sawyer Ave & Lawrence Ave",42
"casual","Artesian Ave & Marquette Rd",41
"casual","Greenwood Ave & 79th St",41
"casual","Homan Ave & Fillmore St",41
"casual","Kedzie Ave & 66th Pl",41
"casual","Kilbourn Ave & 49th St",41
"casual","Public Rack - Avondale Ave & Addison St",41
"casual","Public Rack - Jensen Park",41
"casual","Public Rack - Karlov Ave & Kamerling Ave",41
"casual","Public Rack - Sheffield Ave & Belden Ave",41
"member","Jeffery Blvd & 76th St",41
"member","Racine Ave & Garfield Blvd",41
"casual","Archer Ave & 49th St",40
"casual","Komensky Ave & 31st St",40
"casual","Laflin St & 115th St",40
"casual","Lamon Ave & Chicago Ave",40
"casual","Public Rack - Lighthouse Beach",40
"member","Halsted St & 78th St",40
"member","Public Rack - Sawyer Ave & Bryn Mawr Ave - SE",40
"casual","Halsted St & 111th St",39
"casual","Long Ave & North Ave",39
"casual","Major Taylor Trail & 111th St",39
"casual","Oak Park Ave & Wellington Ave",39
"casual","Olive Harvey College",39
"casual","South Chicago Ave & 83rd St",39
"casual","Stony Island Ave & 82nd St",39
"member","Public Rack - Avers & Lawrence",39
"member","Public Rack - Greenwood Ave & Lake Park Ave",39
"member","Public Rack - Melvina Ave & Montrose Ave",39
"member","Public Rack - Milwaukee Ave & Addison St",39
"member","Theater on the Lake Public Rack - North",39
"member","Whipple St & Roosevelt Rd",39
"casual","Cicero Ave & Wellington Ave",38
"casual","Kildare Ave & 26th St",38
"casual","Lavergne Ave & Archer Ave",38
"casual","Monitor Ave & Fullerton Ave",38
"casual","Narragansett Ave & School St",38
"casual","Overhill Ave & Belmont Ave",38
"casual","Public Rack - Clifton Ave & Webster Ave",38
"casual","Vernon Ave & 79th St",38
"casual","Vincennes Ave & 79th St",38
"member","California Ave & 71st St",38
"member","Clark Beach",38
"member","Harlem Ave & Grace St",38
"member","Martin Luther King Dr & 87th St",38
"member","Monitor Ave & Division St",38
"member","Public Rack - Western Blvd & 49th St",38
"casual","Archer Ave & 43rd St",37
"casual","Ewing Ave & 97th St",37
"casual","Harlem Ave & Grace St",37
"casual","Tripp Ave & 15th St",37
"casual","Washington/Green (Washington Side) Corral",37
"casual","Wood St & 84th St",37
"member","Austin Blvd & Chicago Ave",37
"member","California Ave & Marquette Rd",37
"member","Front Ave & 115th St",37
"member","Maple Ave & Grove St",37
"member","Public Rack - Milwaukee Ave & School St",37
"member","Public Rack - Nagel & Higgins",37
"member","Public Rack - Trebes Park",37
"casual","Commercial Ave & 90th St",36
"casual","Eggleston Ave & 115th St",36
"casual","Mango Ave & Diversey Ave",36
"casual","St. Louis Ave & 59th St",36
"casual","Wentworth Ave & 107th St",36
"member","Ewing Ave & 106th St",36
"member","Fairfield Ave & 44th St",36
"member","Public Rack - Forest Glen Station",36
"member","Public Rack - Kilpatrick & Elston",36
"member","Rockwell St & 63rd St",36
"casual","Altgeld Gardens",35
"casual","Avenue O & 118th St",35
"casual","Damen Ave & 77th St",35
"casual","Halsted St & 96th St",35
"casual","Hegewisch Metra Station",35
"casual","Homan Ave & 77th St",35
"casual","Phillips Ave & 83rd St",35
"casual","Public Rack - Champlain Ave & 65th St",35
"casual","Public Rack - Kimball Ave & Lawrence Ave",35
"casual","Public Rack - Milwaukee Ave & Higgins Ave",35
"casual","Public Rack - Nashotah & Northwest Hwy",35
"casual","Vincennes Ave & 95th St",35
"member","Public Rack - Central Ave & Lawrence Ave",35
"member","Public Rack - Cicero Ave & Belle Plaine Ave",35
"member","Public Rack - Minuteman Park",35
"member","Stewart Ave & 83rd St",35
"member","Wabash Ave & 49th St",35
"casual","Cottage Grove Ave & 78th St",34
"casual","Elizabeth St & 47th St",34
"casual","Halsted St & 83rd St",34
"casual","Homewood Ave & 115th St",34
"casual","Lawndale Ave & 59th St",34
"casual","North Ave Public Rack - 4",34
"casual","Oketo Ave & Addison St",34
"casual","Public Rack - Hoyne Ave & Grand Ave",34
"casual","Public Rack - Leamington & Elston",34
"casual","Spaulding Ave & 63rd",34
"casual","St Louis Ave & 51st St",34
"casual","Stewart Ave & 63rd St",34
"member","21st St & Pulaski Rd",34
"member","Ashland Ave & Addison St",34
"member","Commercial Ave & 97th St",34
"member","Dan Ryan Woods & 83rd St",34
"member","Hubbard St Depot",34
"member","Kenneth Ave & 50th St",34
"member","Michigan Ave & 105th St",34
"member","Public Rack - Lawndale Ave & Diversey Ave",34
"member","Rockwell St & 57th St",34
"member","Vincennes Ave & 104th St",34
"member","Western Ave & 79th St",34
"casual","Ashland Ave & 63rd St",33
"casual","Burley Ave & 85th St",33
"casual","Eberhart Ave & 91st St",33
"casual","Indiana Ave & 103rd St",33
"casual","Major Taylor Trail & 115th St",33
"casual","Marquette Ave & 89th St",33
"casual","New England Ave & North Ave",33
"casual","Oglesby Ave & 100th St",33
"casual","Scottsdale Park",33
"member","Kostner Ave & 63rd St",33
"member","Oak Park Ave & Wellington Ave",33
"member","Parkside Ave & Armitage Ave",33
"member","Public Rack - Western Ave & 92nd Pl",33
"member","Ravenswood Ave & Roscoe St",33
"member","Wabash Ave & 83rd St",33
"casual","Aberdeen St & 103rd St",32
"casual","Augusta Blvd & Laramie Ave",32
"casual","Damen Ave & 59th St",32
"casual","Karlov Ave & Madison St",32
"casual","Kedzie Ave & 110th St",32
"casual","Public Rack - Western Ave & Chicago Ave",32
"casual","Robert Crown Community Center",32
"member","Kildare Ave & 26th St",32
"member","Kostner Ave & Lake St",32
"member","Marshfield Ave & 44th St",32
"member","Oconto Ave & Belmont Ave",32
"member","Public Rack - Avondale Ave & Addison St",32
"member","Public Rack - Langley Ave & 49th St",32
"member","Shabbona Park",32
"casual","Hastings St Depot Public Rack",31
"casual","Lake/Carpenter Corral",31
"casual","Public Rack - Milwaukee Ave & Kennedy Expy",31
"casual","Public Rack - Prairie Ave & 47th St",31
"casual","Pulaski Rd & Ann Lurie Pl",31
"casual","Throop St & 99th St",31
"member","Ashland Ave & 63rd St",31
"member","Ashland Ave & 74th St",31
"member","Cicero Ave & Lake St",31
"member","Homan Ave & 26th St",31
"member","Narragansett Ave & McLean Ave",31
"member","Public Rack - St Louis & Lincoln",31
"member","Yates Blvd & 93rd St",31
"casual","Bennett Ave & 79th St",30
"casual","Ewing Ave & 98th St",30
"casual","Kenton Ave & Madison St",30
"casual","Major Ave & Bloomingdale Ave",30
"casual","Mango Ave & Grand Ave",30
"casual","Martin Luther King Dr & 87th St",30
"casual","Oconto Ave & Belmont Ave",30
"casual","Parkside Ave & Armitage Ave",30
"casual","Public Rack - Western Ave & Devon Ave",30
"casual","Pulaski Rd & 84th St",30
"casual","St. Louis Ave & 71st St",30
"member","Archer Ave & Homan Ave",30
"member","Burnham Shores",30
"member","Meade Ave & Diversey Ave",30
"member","Public Rack - Milwaukee Ave & Catalpa Ave",30
"member","Public Rack - Pulaski & Ardmore",30
"member","Public Rack - Sawyer Ave & Chicago Ave",30
"member","Public Rack - Woodlawn Ave & 63rd St S",30
"casual","Ave H & 110th St",29
"casual","Burley Ave & 91st St",29
"casual","Central Park Ave & 66th St",29
"casual","Cicero Ave & Flournoy St",29
"casual","Halsted St & 78th St",29
"casual","Hamilton Park",29
"casual","Lake Park Ave & 56th St (temp location)",29
"casual","Laramie Ave & Gladys Ave",29
"casual","Loomis St & 95th St",29
"casual","Public Rack - Centennial Park South",29
"casual","Public Rack - Drake Ave & Leland Ave",29
"casual","Seeley Ave & Garfield Blvd",29
"casual","South Chicago Ave & Elliot Ave",29
"casual","Springfield Ave & 80th St",29
"casual","Yates Blvd & 93rd St",29
"member","Artesian Ave & 71st St",29
"member","Ashland Ave & Garfield Blvd",29
"member","Commercial Ave & 90th St",29
"member","Cottage Grove Ave & 71st St",29
"member","Damen Ave & 87th St",29
"member","Ewing Ave & 98th St",29
"member","Halsted St & 59th St",29
"member","Lavergne Ave & Division St",29
"member","Marmora Ave & Belmont Ave",29
"member","Martin Luther King Dr & 111th St",29
"member","Public Rack - Neenah & Dakin",29
"member","Pulaski Rd & 54th St",29
"member","Wabash Ave & 59th St",29
"casual","Evans Ave & 75th St",28
"casual","Kedzie Ave & 104th St",28
"casual","Racine Ave & 65th St",28
"casual","Rockwell St & 63rd St",28
"casual","State St & 76th St",28
"casual","Vernon Ave & 75th St",28
"member","Burnham Greenway & 105th St",28
"member","Cicero Ave & Wellington Ave",28
"member","Kedzie Ave & Redfield Dr",28
"member","Public Rack - Lawrence Ave & Kimball Ave",28
"member","Public Rack - Natoma Ave & 61st St",28
"member","Public Rack - St Louis Ave & Berteau Ave",28
"member","Scottsdale Park",28
"member","Vincennes Ave & 107th St",28
"casual","Artesian Ave & 71st St",27
"casual","Cottage Grove Ave & 107th St",27
"casual","Ewing Ave & Burnham Greenway",27
"casual","Greenwood Ave & 97th St",27
"casual","Halsted St & 123rd St",27
"casual","Michigan Ave & 108th St",27
"casual","Michigan Ave & 114th St",27
"casual","State St & 127th St",27
"casual","Stony Island Ave & 90th St",27
"casual","Tripp Ave & 31st St",27
"casual","Troy St & 27th St",27
"casual","[Archived] Wilton Ave & Diversey Pkwy",27
"member","Archer Ave & 43rd St",27
"member","Damen Ave & 59th St",27
"member","East End Ave & 87th St",27
"member","Halsted St & 56th St",27
"member","North Ave Public Rack - 4",27
"member","Public Rack - Kimbark Ave & 67th St",27
"member","Public Rack - Whipple St & 63rd St",27
"casual","Avenue O & 134th St",26
"casual","Martin Luther King Dr & 111th St",26
"casual","Parnell Ave & 127th St",26
"casual","Public Rack - Avers Ave & Irving Park Rd",26
"casual","Public Rack - Princeton Ave & 43rd St",26
"casual","Racine Ave & 57th St",26
"casual","Springfield Ave & 71st St",26
"casual","Stony Island Ave & South Chicago Ave",26
"casual","Vernon Ave & 107th St",26
"casual","Wentworth Ave & 111th St",26
"casual","Wentworth Ave & 92nd St",26
"member","N Whipple St & Irving Park Rd",26
"member","Orange Ave & Addison St",26
"member","Public Rack - 532 E 43rd St",26
"member","State St & 76th St",26
"member","Stewart Ave & 63rd St",26
"member","Tripp Ave & 65th St",26
"member","Wellington Ave & Mulligan Ave",26
"casual","Avers Ave & 103rd St",25
"casual","Central Park & Augusta Blvd",25
"casual","Granville Ave & Pulaski Rd",25
"casual","Greenwood Ave & 91st St",25
"casual","Lamon Ave & 47th St",25
"casual","Leavitt St/North Ave",25
"casual","Lincoln Ave & Hutchinson St",25
"casual","MLK Dr & 111th St",25
"casual","Menard Ave & North Ave",25
"casual","Public Rack - California Ave & Ogden Ave",25
"casual","Public Rack - Eberhart Ave & 61st St",25
"casual","Public Rack - Lake Shore Dr & Hayes Dr",25
"casual","Public Rack - Laramine Ave & Winnemac Ave",25
"casual","Public Rack - Maplewood Ave & Chicago Ave",25
"casual","Public Rack - Menard Ave & Dakin St - midblock",25
"casual","Public Rack - Milwaukee Ave & School St",25
"casual","Public Rack - Orleans St & Chicago Ave",25
"casual","Public Rack - Trebes Park",25
"casual","Sacramento Ave & 51st St",25
"casual","State St & 123rd St",25
"member","Burley Ave & 91st St",25
"member","Loomis Blvd & 84th St",25
"member","Public Rack - Lee Street Beach",25
"member","Public Rack - Lockwood Ave & Diversey Ave",25
"member","Stony Island Ave & 90th St",25
"member","Wentworth Ave & 111th St",25
"casual","Elizabeth St & 92nd St",24
"casual","Komensky Ave & 55th St",24
"casual","Laramie Ave & Augusta Blvd",24
"casual","Oriole Ave & Irving Park Rd",24
"casual","Public Rack - South Boulevard Beach",24
"casual","Pulaski Rd & 68th St",24
"member","Clyde Ave & 87th St",24
"member","Mayfield Ave & Roosevelt Rd",24
"member","Public Rack - California Ave & Devon Ave - NE",24
"member","Public Rack - Hiawatha & Mendota",24
"member","Public Rack - Lavergne Ave & Belle Plaine Ave",24
"member","Public Rack - Nashotah & Northwest Hwy",24
"member","Public Rack - Penn Elementary School / KIPP Ascend Middle School",24
"member","Pulaski Rd & 60th St",24
"member","Ravenswood Ave & Sunnyside Ave",24
"member","South Chicago Ave & 83rd St",24
"member","St Louis Ave & 59th St",24
"member","Western Ave & 104th St",24
"casual","Columbus Ave & 83rd Pl",23
"casual","Damen Ave & 74th St",23
"casual","Public Rack - Campbell Ave & Pratt Blvd",23
"casual","Public Rack - Hiawatha & Mendota",23
"casual","Public Rack - Irving Park Rd & Leclaire Ave",23
"casual","Public Rack - Kostner Ave & Armitage Ave",23
"casual","Public Rack - Lafayette Ave & 95th St",23
"casual","Public Rack - Lawndale Ave & Diversey Ave",23
"casual","Public Rack - Tripp Ave & North Ave",23
"member","Ellis Ave & 83rd St",23
"member","Nagle Ave & Belmont Ave",23
"member","Public Rack - Christiana & Lincoln",23
"member","Public Rack - Lowell Ave & Elston Ave",23
"casual","Ashland Ave & 66th St",22
"casual","Ashland Ave & 78th St",22
"casual","Public Rack - Langley Ave & Oakwood Blvd",22
"casual","Ravenswood Ave & Sunnyside Ave",22
"casual","Vincennes Ave & 75th St",22
"member","Cottage Grove Ave & 47th St",22
"member","Halsted St & 69th St",22
"member","Mango Ave & Diversey Ave",22
"member","Public Rack - Kostner Ave & North Ave",22
"member","Sacramento Ave & 51st St",22
"member","Western Ave & 62nd St",22
"casual","Public Rack - Forest Glen Station",21
"casual","Public Rack - Nagel & Higgins",21
"casual","Public Rack - Peterson Park",21
"casual","South Boulevard CTA",21
"casual","Torrence Ave & 106th St",21
"member","Central Park Ave & Douglas Blvd",21
"member","Kenton Ave & Madison St",21
"member","La Villita Park",21
"member","MLK Dr & 111th St",21
"member","Meade Ave & Addison St",21
"member","New England Ave & North Ave",21
"member","Public Rack - Delphina & Foster",21
"member","Public Rack - Fullerton Ave & Narragansett Ave",21
"member","Public Rack - Kedzie Ave & Chicago Ave",21
"member","Public Rack - Langley Ave & Oakwood Blvd",21
"member","Public Rack - Monticello & Lawrence",21
"member","Public Rack - Washington Park Ct & 51st St",21
"casual","Public Rack - Kenneth & Carmen",20
"casual","Public Rack - Olmstead Ave & Oliphant Ave",20
"casual","S Michigan Ave & E 118th St",20
"member","Karlov Ave & Madison St",20
"member","Kedzie Ave & 52nd St",20
"member","Loomis St & 89th St",20
"member","Mulligan Ave & Archer Ave",20
"member","North Ave Public Rack - 3",20
"member","Public Rack - Centennial Park North",20
"member","Public Rack - Lighthouse Beach",20
"member","Public Rack - Peterson Ave & Drake Ave",20
"member","Public Rack - South Boulevard Beach",20
"member","Pulaski Rd & 84th St",20
"member","Racine Ave & 57th St",20
"member","Stony Island Ave & 82nd St",20
"member","Tripp Ave & 31st St",20
"casual","Ashland Ave & Addison St",19
"casual","Bent Park",19
"casual","Harbert Park",19
"casual","Harlem Ave & Roscoe St",19
"casual","Kedzie Ave & 73rd St",19
"casual","Latrobe Ave & Chicago Ave",19
"casual","May St & 69th St",19
"casual","Public Rack - Lee Street Beach",19
"casual","Stewart Ave & 83rd St",19
"casual","Troy St & Jackson Blvd",19
"casual","Western Ave & 62nd St",19
"casual","Woodlawn Ave & 75th St",19
"member","Central Ave & Harrison St",19
"member","Cottage Grove Ave & 111th Pl",19
"member","Kildare Ave & 55th St",19
"member","Newcastle Ave & Irving Park Rd",19
"member","Public Rack - Kimball Ave & Carmen Ave",19
"member","Public Rack - Pulaski Rd & Armitage Ave",19
"member","Public Rack - Sacramento Ave & Devon Ave",19
"member","Pulaski Rd & 75th St",19
"casual","Homan Ave & 65th St",18
"casual","Major Taylor Trail & 124th St",18
"casual","Public Rack - Kedvale Ave & 63rd St W",18
"casual","Public Rack - Minuteman Park",18
"casual","Public Rack - St Louis Ave & Berteau Ave",18
"casual","Ravenswood Ave & Roscoe St",18
"casual","St. Louis & 71st St",18
"casual","Woodlawn & 103rd",18
"member","Artesian Ave & Marquette Rd",18
"member","Damen Ave & 51st St",18
"member","Greenwood Ave & 79th St",18
"member","Lawndale Ave & 16th St",18
"member","Loomis St & 95th St",18
"member","Public Rack - Central Ave & Pensacola Ave",18
"member","Public Rack - Emerald Ave & 45th St",18
"member","Public Rack - Norwood Park Station",18
"member","Public Rack - Prairie Ave & Garfield Blvd N",18
"casual","Commercial Ave & 100th St",17
"casual","Constance Ave & 95th St",17
"casual","Public Rack - Central & Leland",17
"casual","Public Rack - Central Ave & Lawrence Ave",17
"casual","Public Rack - Kedzie Ave & Chicago Ave",17
"casual","Public Rack - Sacramento Ave & Devon Ave",17
"member","Ewing Ave & Burnham Greenway",17
"member","Halsted St & 73rd St",17
"member","Kedzie Ave & 38th Pl",17
"member","Laflin St & 115th St",17
"member","Public Rack - Evans Ave & 63rd St",17
"member","Public Rack - Jeffrey Blvd & 71st St",17
"member","Public Rack - King Dr & Oakwood Blvd",17
"member","SCOOTERS CLASSIC - 2132 W Hubbard ST",17
"member","Spaulding Ave & 63rd",17
"casual","Karlov Ave & Fillmore St",16
"casual","Public Rack - 532 E 43rd St",16
"casual","Public Rack - Greenwood Ave & Lake Park Ave",16
"casual","Public Rack - Kostner Ave & North Ave",16
"casual","Public Rack - Lowell Ave & Elston Ave",16
"casual","Public Rack - Walden Pkwy & 103rd St",16
"casual","Sacramento Blvd & Polk St",16
"casual","Steelworkers Park Public Rack",16
"casual","Western Ave & 81st St",16
"member","Burley Ave & 85th St",16
"member","Damen Ave & 81st St",16
"member","Ewing Ave & 97th St",16
"member","Public Rack - Bernard St & Foster Ave",16
"member","Public Rack - Kostner Ave & Armitage Ave",16
"member","Public Rack - Lotus Ave & Lawrence Ave",16
"member","Public Rack - Marquette Rd & 67th St",16
"member","Public Rack - Mont Clare Ave & Higgins Ave",16
"member","Public Rack - Olmstead Ave & Oliphant Ave",16
"member","Stony Island Ave & South Chicago Ave",16
"casual","Loomis Blvd & 84th St",15
"casual","Loomis St & 89th St",15
"casual","North Ave Public Rack - 6",15
"casual","Paulina Ave & 87th St",15
"casual","Public Rack - Keating & Peterson",15
"casual","Public Rack - Parkside & 63rd",15
"casual","Public Rack - State ST & 42nd St",15
"member","Ashland Ave & 78th St",15
"member","Halsted St & 83rd St",15
"member","Lawndale Ave & 111th St",15
"member","Major Taylor Trail & 111th St",15
"member","Mango Ave & Grand Ave",15
"member","Michigan Ave & 71st St",15
"member","Monitor Ave & Fullerton Ave",15
"member","Public Rack - Central Park & Bryn Mawr",15
"member","Public Rack - Komensky Ave & 59th St",15
"member","Public Rack - Loomis Blvd & 47th St",15
"member","Public Rack - Mozart Elementary School",15
"member","Public Rack - Rockwell Ave & Touhy Ave",15
"member","Throop St & 52nd St",15
"member","Western Ave & 101st St",15
"casual","Ada St & 113th Pl",14
"casual","ETHS Main Campus",14
"casual","Hubbard St Depot Public Rack",14
"casual","Kostner Ave & Adams St",14
"casual","Public Rack - Justine St & 87th St",14
"casual","Public Rack - Keystone Ave & North Ave",14
"casual","Public Rack - Milwaukee Ave & Culyer Ave",14
"casual","Public Rack - Prairie Ave & Garfield Blvd N",14
"casual","Public Rack - Pulaski Rd & Lake St",14
"casual","Public Rack - Sawyer Ave & Bryn Mawr Ave - SE",14
"casual","Public Rack - Waller Ave & Chicago Ave",14
"casual","Troy Ave & 27th St",14
"member","Bradley Park",14
"member","Commercial Ave & 100th St",14
"member","Greenwood Ave & 91st St",14
"member","Harbert Park",14
"member","Narragansett Ave & School St",14
"member","Oketo Ave & Addison St",14
"member","Public Rack - Garfield Park Conservatory",14
"member","Public Rack - Homan Ave & Lake St",14
"member","Public Rack - Laramine Ave & Winnemac Ave",14
"member","Public Rack - Pulaski Rd & Fullerton Ave",14
"member","Public Rack - Sawyer Ave & Bryn Mawr Ave - SW",14
"member","Pulaski Rd & 60th Pl",14
"member","St. Louis Ave & 59th St",14
"member","Western Ave & 111th St",14
"member","Western Ave & 81st St",14
"member","Woodlawn Ave & 75th St",14
"casual","Carpenter St & 63rd St",13
"casual","Indiana Ave & 133rd St",13
"casual","Marshfield Ave & 59th St",13
"casual","Public Rack - Hollywood Park",13
"casual","Public Rack - Lotus Ave & Lawrence Ave",13
"casual","Public Rack - Milwaukee Ave & Addison St",13
"casual","Public Rack - Pulaski Rd & Fullerton Ave",13
"casual","Rhodes Ave & 71st St",13
"casual","W 103rd St & S Avers Ave",13
"casual","Wentworth Ave & 104th St",13
"member","Calumet Ave & 71st St",13
"member","Cicero Ave & Flournoy St",13
"member","Halsted St & 119th St",13
"member","Kedzie Ave & 66th Pl",13
"member","Kedzie Ave & 73rd St",13
"member","Kildare & Cermak",13
"member","Major Taylor Trail & 115th St",13
"member","Public Rack - 4810 Keeler Ave",13
"member","Public Rack - Champlain Ave & 65th St",13
"member","Public Rack - Garden Park",13
"member","Public Rack - Kedzie Ave & 64th St - SW",13
"member","Public Rack - Neva & Foster",13
"member","Public Rack - Parkside & 63rd",13
"member","Public Rack - Western Ave & 96th St",13
"member","Racine Ave & 115th St",13
"member","St Louis Ave & Norman Bobbins Pl",13
"member","Troy St & 27th St",13
"member","W 103rd St & S Avers Ave",13
"casual","Commercial Ave & 97th St",12
"casual","Eberhart Ave & 131st St",12
"casual","Kildare & Cermak",12
"casual","North Ave Beach Public Rack - 2",12
"casual","Public Rack - Central & Prescott",12
"casual","Public Rack - Dawes Park South",12
"casual","Public Rack - Homan Ave & Lake St",12
"casual","Public Rack - Kimball & Ardmore",12
"casual","Public Rack - Linder Ave & 64th Pl",12
"casual","Public Rack - Strohacker Park",12
"casual","Public Rack - Washington Park Ct & 51st St",12
"casual","Public Rack - Woodlawn Ave & 63rd St S",12
"casual","Pulaski Rd & 60th Pl",12
"member","Campbell Ave & 51st St",12
"member","Harding Ave & 31st St",12
"member","Laramie Ave & Gladys Ave",12
"member","Mango Ave & North Ave",12
"member","Marshfield Ave & 59th St",12
"member","Public Rack - California Ave & Devon Ave - NW",12
"member","Public Rack - California Ave & Ogden Ave",12
"member","Public Rack - Cicero Ave & North Ave",12
"member","Public Rack - Ewing Ave & Indianapolis Ave",12
"member","Public Rack - Milwaukee Ave & Warner Ave",12
"member","Public Rack - State ST & 42nd St",12
"member","Racine Ave & 61st St",12
"member","Throop St & 99th St",12
"casual","Bradley Park",11
"casual","Kildare Ave & 85th St (Kostner Ave & 87th St TEMPORARY)",11
"casual","Lavergne Ave & 44th St",11
"casual","North Ave & New England Ave",11
"casual","Oak Park & Wellington",11
"casual","Public Rack - Austin Blvd & North Ave",11
"casual","Public Rack - Bryn Mawr Ave & Spaulding Ave",11
"casual","Public Rack - California Ave & Pershing Rd",11
"casual","Public Rack - Garfield Park Conservatory",11
"casual","Public Rack - Jeffery Blvd & 67th St",11
"casual","Public Rack - Lawrence Ave & Kimball Ave",11
"casual","Public Rack - Lockwood & Archer",11
"casual","Public Rack - Northwest Hwy & Neva Ave",11
"casual","Public Rack - Pulaski & Ardmore",11
"casual","Public Rack - Pulaski Rd & Armitage Ave",11
"casual","Public Rack - Richard Daley College",11
"casual","Public Rack - Winona St & Elston Ave",11
"casual","Woodlawn Ave & 103rd St",11
"member","Bennett Ave & 79th St",11
"member","Damen Ave & 74th St",11
"member","ETHS Main Campus",11
"member","Green St & 86th St",11
"member","Karlov Ave & Fillmore St",11
"member","Keeler Ave & Roosevelt Rd",11
"member","Marquette Ave & 89th St",11
"member","May St & 69th St",11
"member","Public Rack - Houston Ave & 91st St",11
"member","Public Rack - Milwaukee Ave & Pensacola Ave",11
"member","State St & 111th St",11
"member","Yates Ave & 95th St",11
"casual","Green St & 86th St",10
"casual","N Whipple St & Irving Park Rd",10
"casual","Public Rack - Avers & Lawrence",10
"casual","Public Rack - Central Park & Peterson",10
"casual","Public Rack - Evans Ave & 63rd St",10
"casual","Public Rack - Houston Ave & 91st St",10
"casual","Public Rack - Independence Blvd & Roosevelt",10
"casual","Public Rack - Kenton Ave & Palmer St",10
"casual","Public Rack - Lavergne Ave & Belle Plaine Ave",10
"casual","Public Rack - N. Oakview and W. Gregory St",10
"casual","Public Rack - Western Ave & Jarvis Ave",10
"member","Aberdeen St & 103rd St",10
"member","Ashland Ave & 66th St",10
"member","Damen Ave & 77th St",10
"member","Eggleston Ave & 69th St",10
"member","Greenwood Ave & 97th St",10
"member","Hamlin Ave & 62nd Pl",10
"member","Harlem Ave & Roscoe St",10
"member","Hegewisch Metra Station",10
"member","Kedzie Ave & 110th St",10
"member","Mason Ave & Belmont Ave",10
"member","North Ave Public Rack - 6",10
"member","Paulina Ave & 87th St",10
"member","Princeton Ave & 95th St",10
"member","Public Rack - Dawes Park South",10
"member","Public Rack - Eberhart Ave & 61st St",10
"member","Public Rack - Kenton & Lawrence",10
"member","Public Rack - Komensky Ave & 63rd St",10
"member","Public Rack - Leclaire Ave & Division St",10
"member","Public Rack - Martin Luther King Dr & 44th St",10
"member","Public Rack - Milwaukee Ave & Culyer Ave",10
"member","Public Rack - Tripp Ave & North Ave",10
"member","Pulaski Rd & 68th St",10
"member","Racine Ave & 65th St",10
"member","Rhodes Ave & 71st St",10
"member","Sacramento Blvd & Polk St",10
"member","Springfield Ave & 71st St",10
"member","Wood St & 84th St",10
"casual","California Ave & 29th St",9
"casual","Eggleston Ave & 92nd St",9
"casual","Hastings LWS",9
"casual","Hastings St Depot LWS",9
"casual","Marmora Ave & Belmont Ave (temporary)",9
"casual","Michigan Ave & 118th St",9
"casual","North Ave Public Rack - 2",9
"casual","Public Rack - Chappel Ave & 71st St",9
"casual","Public Rack - Fullerton Ave & Narragansett Ave",9
"casual","Public Rack - Kimball Ave & Carmen Ave",9
"casual","Public Rack - Melvina & Foster",9
"casual","Public Rack - Menard Ave & Belmont Ave",9
"casual","Public Rack - Milwaukee Ave & Lawrence Ave",9
"casual","Public Rack - Norwood Park Station",9
"casual","Public Rack - Oak Park & Higgins",9
"casual","Public Rack - Pulaski Rd & 44th St",9
"casual","Public Rack - Rockwell Ave & Touhy Ave",9
"casual","Public Rack - Sawyer Ave & Lawrence Ave",9
"casual","Public Rack - Touhy Ave & Oconto Ave",9
"casual","Public Rack - Western Ave & 100th St",9
"casual","Public Rack - Western Ave & 92nd Pl",9
"casual","Public Rack - Whipple St & 63rd St",9
"casual","Pulaski Rd & 60th St",9
"casual","Roscoe & Harlem",9
"casual","Sacramento Ave & Polk St",9
"casual","St Louis Ave & 59th St",9
"member","California Blvd & 29th St",9
"member","Columbus Ave & 79th St",9
"member","Kedzie Ave & 83rd St",9
"member","Kildare Ave & 47th St",9
"member","Manistee Ave & 95th St",9
"member","Oriole Ave & Irving Park Rd",9
"member","Public Rack - Chase Ave & Touhy Ave - NE",9
"member","Public Rack - Christiana Ave & Bryn Mawr Ave",9
"member","Public Rack - Cicero Ave & Cortland St - midblock",9
"member","Public Rack - Karlov Ave & Lawrence Ave",9
"member","Public Rack - Laramie Ave & Belmont Ave",9
"member","Public Rack - Menard Ave & Belmont Ave",9
"member","Public Rack - N. Oakview and W. Gregory St",9
"member","Public Rack - Oak Park Ave & Foster Ave",9
"member","Public Rack - Pulaski & Rosemont",9
"casual","Cottage Grove Ave & 47th St",8
"casual","Harding Ave & 31st St",8
"casual","MLK Jr Dr & 83rd St",8
"casual","Michigan Ave & 113th St",8
"casual","Perry St & 119th St",8
"casual","Public Rack - Christiana Ave & 55th St",8
"casual","Public Rack - Ewing Ave & 107th St",8
"casual","Public Rack - Ford City Mall",8
"casual","Public Rack - Houston Ave & 131st St",8
"casual","Public Rack - Komensky Ave & 59th St",8
"casual","Public Rack - Langley Ave & 49th St",8
"casual","Public Rack - Mango & Higgins",8
"casual","Public Rack - Milwaukee Ave & Leland Ave",8
"casual","Public Rack - Milwaukee Ave & Sunnyside Ave",8
"casual","Public Rack - Milwaukee Ave & Warner Ave",8
"casual","Public Rack - Mont Clare Ave & Higgins Ave",8
"casual","Public Rack - Montrose Ave & Lavergne Ave",8
"casual","Public Rack - Mozart Elementary School",8
"casual","Public Rack - Oketo & Talcott",8
"casual","Public Rack - Overhill Ave & Touhy Ave",8
"casual","Public Rack - Pullman - Planet Fitness",8
"casual","Public Rack - Western Ave & 105th St",8
"casual","Racine Ave & 61st St",8
"casual","Shields Ave & 57th St",8
"casual","Steelworkers Park (Updated)",8
"member","Cicero Ave & Quincy St",8
"member","Cottage Grove Ave & 107th St",8
"member","Doty Ave & 111th St",8
"member","Halsted St & 111th St",8
"member","Kedzie Ave & 104th St",8
"member","Knox Ave & Marquette Ave",8
"member","Laramie Ave & Augusta Blvd",8
"member","Michigan Ave & 108th St",8
"member","Michigan Ave & 113th St",8
"member","Panama Ave & Grace St",8
"member","Public Rack - Avers & Granville",8
"member","Public Rack - Calumet Ave & 51st St",8
"member","Public Rack - Centennial Park South",8
"member","Public Rack - Harlem & Summerdale",8
"member","Public Rack - Imlay & Milwaukee",8
"member","Public Rack - Lawndale Ave & 23rd St",8
"member","Public Rack - Northwest Hwy & Neva Ave",8
"member","Public Rack - Peterson Ave & Milwaukee Ave",8
"member","Public Rack - Sayer & Northwest Hwy",8
"member","Public Rack - Yates Ave & 100th St",8
"member","Torrence Ave & 106th St",8
"casual","Fullerton & Monitor",7
"casual","Manistee Ave & 95th St",7
"casual","North Ave Beach Public Rack - 1",7
"casual","North Ave Beach Public Rack - 3",7
"casual","North Ave Beach Public Rack - 4",7
"casual","Public Rack - 63rd Pl & Narraganssett Ave",7
"casual","Public Rack - Central Ave & Corcoran Pl",7
"casual","Public Rack - Christiana & Lincoln",7
"casual","Public Rack - Emerald Ave & 45th St",7
"casual","Public Rack - Milwaukee Ave & Pensacola Ave",7
"casual","Public Rack - Mulligan & Northwest Hwy",7
"casual","Public Rack - Nordica & Archer",7
"casual","Public Rack - Oak Park Ave & Foster Ave",7
"casual","Public Rack - Ozman & Talcott",7
"casual","Public Rack - Plainfield Ave & Irving Park Rd",7
"casual","Public Rack - Racine Ave & 109th Pl",7
"casual","Public Rack - Rutherford Ave & Belmont Ave",7
"casual","Public Rack - S. Kilpatrick and W. 79th",7
"casual","Public Rack - Western Ave & 47th Pl",7
"casual","S Aberdeen St & W 106th St",7
"casual","S Wentworth Ave & W 111th St",7
"casual","Yates Ave & 95th St",7
"member","California Ave & 29th St",7
"member","Eberhart Ave & 91st St",7
"member","Homewood Ave & 115th St",7
"member","Indiana Ave & 133rd St",7
"member","Kilbourn Ave & 49th St",7
"member","Lavergne Ave & Archer Ave",7
"member","Leamington Ave & Hirsch St",7
"member","Public Rack - 111th St - Morgan Park Metra",7
"member","Public Rack - Bishop St & 46th St",7
"member","Public Rack - Halsted St & 63rd St",7
"member","Public Rack - Hamlin Ave & Madison St",7
"member","Public Rack - Independence Blvd & Roosevelt",7
"member","Public Rack - Kedzie Ave & Walnut St",7
"member","Public Rack - Kildare Ave & North Ave",7
"member","Public Rack - Kingston Ave & 75th St",7
"member","Public Rack - Kostner & Peterson",7
"member","Public Rack - Lafayette Ave & 95th St",7
"member","Public Rack - Melvina & Foster",7
"member","Public Rack - Milwaukee Ave & Lawrence Ave",7
"member","Public Rack - Milwaukee Ave & Leland Ave",7
"member","Public Rack - Sacramento Blvd & Washington Blvd",7
"member","Public Rack - Touhy Ave & Oconto Ave",7
"member","Roscoe & Harlem",7
"member","STAFF & VISITORS @ West Chicago Warehouse",7
"casual","Damen Ave & 33rd St",6
"casual","Hubbard St Depot",6
"casual","Public Rack - 4810 Keeler Ave",6
"casual","Public Rack - Ashland Ave & 71st St",6
"casual","Public Rack - Burnham Shores Park",6
"casual","Public Rack - Calumet Ave & 51st St",6
"casual","Public Rack - Canfield & Victoria",6
"casual","Public Rack - Cicero Ave & North Ave",6
"casual","Public Rack - Imlay & Milwaukee",6
"casual","Public Rack - Jeffrey Blvd & 71st St",6
"casual","Public Rack - Martin Luther King Dr & 69th St",6
"casual","Public Rack - Monticello & Lawrence",6
"casual","Public Rack - N Narragansett Ave & Grand Ave",6
"casual","Public Rack - Neva Ave & Grand Ave",6
"casual","Public Rack - Parkside & Elston",6
"casual","Public Rack - Sayer & Northwest Hwy",6
"casual","Public Rack - Wentworth Park",6
"member","Augusta Blvd & Laramie Ave",6
"member","Bent Park",6
"member","Columbus Ave & 83rd Pl",6
"member","Fullerton & Monitor",6
"member","Public Rack - Austin Ave & Wrightwood Ave",6
"member","Public Rack - Avers Ave & Ogden Ave",6
"member","Public Rack - California & 87th",6
"member","Public Rack - Central Ave & North Ave",6
"member","Public Rack - Central Park Ave & Fillmore St",6
"member","Public Rack - Christiana Ave & Lawrence Ave",6
"member","Public Rack - Cicero Ave & Wrightwood Ave",6
"member","Public Rack - Forrestville Ave & 47th St",6
"member","Public Rack - Hamlin Ave & Chicago Ave",6
"member","Public Rack - Jeffery Blvd & 67th St",6
"member","Public Rack - Kedvale Ave & Avondale Ave",6
"member","Public Rack - Lockwood & Archer",6
"member","Public Rack - Menard Ave & Dakin St - midblock",6
"member","Public Rack - Oglesby Ave & 95th St",6
"member","Public Rack - Plainfield Ave & Irving Park Rd",6
"member","Shields Ave & 57th St",6
"member","St Louis Ave & 51st St",6
"member","St. Louis & 71st St",6
"member","Troy Ave & 27th St",6
"member","Vincennes Ave & 75th St",6
"member","Wentworth Ave & 107th St",6
"casual","Public Rack - Avenue M & 132nd St",5
"casual","Public Rack - Avers Ave & Ogden Ave",5
"casual","Public Rack - California Ave & Devon Ave - NE",5
"casual","Public Rack - California Ave & Devon Ave - NW",5
"casual","Public Rack - California Ave & Touhy Ave - SW",5
"casual","Public Rack - Central Ave & Pensacola Ave",5
"casual","Public Rack - Central Park Ave & Fulton Blvd",5
"casual","Public Rack - Cicero & 64th",5
"casual","Public Rack - Division St & Christiana Ave",5
"casual","Public Rack - Elliott Park",5
"casual","Public Rack - Foster Ave & Drake Ave",5
"casual","Public Rack - Halsted St & 102nd St",5
"casual","Public Rack - Irving Park Rd & Austin Ave",5
"casual","Public Rack - Irving Park Rd & Menard Ave",5
"casual","Public Rack - Irving Park Rd & Parkside Ave",5
"casual","Public Rack - Kenton & Lawrence",5
"casual","Public Rack - Komensky Ave & 63rd St",5
"casual","Public Rack - Kostner & Bryn Mawr",5
"casual","Public Rack - Laramie Ave & Belmont Ave",5
"casual","Public Rack - Linder & Elston",5
"casual","Public Rack - Linder Ave & Archer Ave",5
"casual","Public Rack - Lockwood Ave & Diversey Ave",5
"casual","Public Rack - Mason Ave & Milwaukee Ave",5
"casual","Public Rack - Melvina Ave & Belmont Ave",5
"casual","Public Rack - Michigan Ave & 67th St",5
"casual","Public Rack - Milwaukee Ave & Catalpa Ave",5
"casual","Public Rack - Narragansett Ave & Fullerton Ave",5
"casual","Public Rack - Natoma Ave & 61st St",5
"casual","Public Rack - Natoma Ave & Bryn Mawr Ave",5
"casual","Public Rack - Neva & Foster",5
"casual","Public Rack - Norwood Park",5
"casual","Public Rack - Odell & Talcott",5
"casual","Public Rack - Oketo & Northwest Hwy",5
"casual","Public Rack - Parkside & Archer",5
"casual","Public Rack - Penn Elementary School / KIPP Ascend Middle School",5
"casual","Public Rack - Pullman - Walmart",5
"casual","Public Rack - Rockwell & 111th St",5
"casual","Public Rack - Rockwell Ave & 71st St",5
"casual","Public Rack - Spaulding Ave & Bryn Mawr Ave",5
"casual","Public Rack - Springfield & 79th",5
"casual","Public Rack - St Louis & Lincoln",5
"casual","Public Rack - Talman Ave & 51st St",5
"casual","Public Rack - Throop St & 58th St",5
"casual","Wabash Ave & 83rd St",5
"member","Ada St & 113th Pl",5
"member","Avenue O & 118th St",5
"member","Elizabeth St & 92nd St",5
"member","Halsted St & 93rd St",5
"member","Major Ave & Bloomingdale Ave",5
"member","Public Rack - Austin Blvd & North Ave",5
"member","Public Rack - Brandon Ave & 91st St",5
"member","Public Rack - Central Park Ave & Fulton Blvd",5
"member","Public Rack - Cicero Ave & Roscoe St",5
"member","Public Rack - Cottage Grove & 86th St",5
"member","Public Rack - Ewing Ave & 99th St",5
"member","Public Rack - Hamlin Ave & Grand Ave",5
"member","Public Rack - Irving Park Rd & Parkside Ave",5
"member","Public Rack - Lafayette Ave & 87th St - NW",5
"member","Public Rack - Laramie Ave & Grand Ave",5
"member","Public Rack - Linder & Elston",5
"member","Public Rack - Milwaukee Ave & Sunnyside Ave",5
"member","Public Rack - Montrose Ave & Lavergne Ave",5
"member","Public Rack - Newcastle Ave & Belmont Ave",5
"member","Public Rack - Northwest Hwy & Bryn Mawr",5
"member","Public Rack - Oketo & Talcott",5
"member","Public Rack - Ozman & Talcott",5
"member","Public Rack - Richard Daley College",5
"member","South Chicago Ave & Elliot Ave",5
"member","St. Louis Ave & 71st St",5
"casual","Ada St & 113th Place",4
"casual","California Blvd & 29th St",4
"casual","Public Rack - Ashland Ave & 46th St",4
"casual","Public Rack - Austin Ave & Wellington Ave",4
"casual","Public Rack - Bernard St & Foster Ave",4
"casual","Public Rack - Central Park Ave & Fillmore St",4
"casual","Public Rack - Chase Ave & Touhy Ave - NE",4
"casual","Public Rack - Clark Square Park",4
"casual","Public Rack - Damen Ave & 47th St",4
"casual","Public Rack - Delphina & Foster",4
"casual","Public Rack - Garden Park",4
"casual","Public Rack - Halsted St & 111th St",4
"casual","Public Rack - Hamlin Ave & Grand Ave",4
"casual","Public Rack - Hamlin Ave & Madison St",4
"casual","Public Rack - Kedvale Ave & Avondale Ave",4
"casual","Public Rack - Kedzie Ave & 58th St",4
"casual","Public Rack - Kedzie Ave & 64th St - SE",4
"casual","Public Rack - Kilpatrick & Elston",4
"casual","Public Rack - King Dr & 115th St",4
"casual","Public Rack - Kostner Ave & Diversey Ave",4
"casual","Public Rack - Laramie Ave & Grand Ave",4
"casual","Public Rack - Legler Regional Library",4
"casual","Public Rack - Leoti Ave & Central Ave (south)",4
"casual","Public Rack - Loomis Blvd & 47th St",4
"casual","Public Rack - Nordica Ave & Addison St",4
"casual","Public Rack - Peoria St & 60th St",4
"casual","Public Rack - Prairie Ave & Garfield Blvd S",4
"casual","Public Rack - Sacramento Blvd & Washington Blvd",4
"casual","Public Rack - Walden Pkwy & 99th St",4
"casual","Public Rack - Western & 79th",4
"casual","Public Rack - Western Ave & 107th St",4
"casual","Springfield Ave & 81st PL",4
"member","Avers Ave & 103rd St",4
"member","Baltimore Ave & 133rd St",4
"member","Francisco Ave & 85th St",4
"member","Hamilton Park",4
"member","Komensky Ave & 55th St",4
"member","Kostner Ave & Adams St",4
"member","Lamon Ave & 47th St",4
"member","Mozart St & 55th St",4
"member","North Ave Beach Public Rack - 3",4
"member","North Ave Public Rack - 2",4
"member","Olive Harvey College",4
"member","Public Rack - Austin Ave & Roscoe St",4
"member","Public Rack - California Ave & Touhy Ave - SW",4
"member","Public Rack - Central & Prescott",4
"member","Public Rack - Chase Ave & Touhy Ave - NW",4
"member","Public Rack - Clark Square Park",4
"member","Public Rack - Division St & Christiana Ave",4
"member","Public Rack - Elston Ave & Gunnison St",4
"member","Public Rack - Elston Ave & Kenneth Ave",4
"member","Public Rack - Exchange Ave & 73rd Pl",4
"member","Public Rack - Forest Glen & Peterson",4
"member","Public Rack - Harper Ave & 63rd St",4
"member","Public Rack - Harriet E Sayre Public School",4
"member","Public Rack - Kenton Ave & Palmer St",4
"member","Public Rack - Leader & Caldwell",4
"member","Public Rack - Miami Ave & Milwaukee Ave",4
"member","Public Rack - Midway Orange Line",4
"member","Public Rack - N Narragansett Ave & Grand Ave",4
"member","Public Rack - Neva Ave & Grand Ave",4
"member","Public Rack - Newcastle Ave & Belden Ave",4
"member","Public Rack - Nina Ave & Avondale Ave",4
"member","Public Rack - Nordica Ave & Higgins Ave",4
"member","Public Rack - Oak Park & Higgins",4
"member","Public Rack - Parkside & Elston",4
"member","Public Rack - Prairie Ave & Garfield Blvd S",4
"member","Public Rack - Pratt Ave & Odell Ave",4
"member","Public Rack - S. Kilpatrick and W. 79th",4
"member","Public Rack - S. New England/ W. 65th",4
"member","Public Rack - Spaulding Ave & Foster Ave",4
"member","Public Rack - Stony Island & 87th St",4
"member","Public Rack - Torrence Ave & 98th St",4
"member","Public Rack - Western Ave & 100th St",4
"member","Public Rack - Western Ave & 105th St",4
"member","Springfield Ave & 80th St",4
"casual","Kildare Ave & 85th St",3
"casual","Mozart St & 55th St",3
"casual","North Ave Public Rack - 1",3
"casual","Orrington & Clark",3
"casual","Public Rack - 111th St - Morgan Park Metra",3
"casual","Public Rack - 85th Pl & Pulaski Rd",3
"casual","Public Rack - Austin Ave & Roscoe St",3
"casual","Public Rack - Bryn Mawr Ave & Milwaukee Ave",3
"casual","Public Rack - California Ave & Touhy Ave - NW",3
"casual","Public Rack - Chopin Park",3
"casual","Public Rack - Dawes Park North",3
"casual","Public Rack - Eli Whitney Public School",3
"casual","Public Rack - Halsted St & 41st St",3
"casual","Public Rack - Halsted St & 95th St - SW",3
"casual","Public Rack - Harlem & Palatine",3
"casual","Public Rack - Kedzie Ave & 62nd Pl",3
"casual","Public Rack - Keeler Ave & 26th St",3
"casual","Public Rack - Lawndale Ave & 63rd St",3
"casual","Public Rack - Lawndale Ave & Polk St",3
"casual","Public Rack - Lawndale Ave & Roosevelt",3
"casual","Public Rack - Linder & 51st",3
"casual","Public Rack - Marquette Rd & 67th St",3
"casual","Public Rack - Melvina Ave & Montrose Ave",3
"casual","Public Rack - Menard Ave & Adams Blvd",3
"casual","Public Rack - Michigan Ave & 119th St",3
"casual","Public Rack - Neenah & Dakin",3
"casual","Public Rack - Newcastle Ave & Belmont Ave",3
"casual","Public Rack - Pulaski Rd & Roosevelt Rd",3
"casual","Public Rack - Torrence Ave & 103rd St",3
"casual","Public Rack - Vincennes Ave & 87th St",3
"casual","Public Rack - Wabash Ave & 87th St",3
"casual","Public Rack - Wrightwood Metra Station",3
"casual","Summit Ave & 86th St",3
"member","Carpenter St & 63rd St",3
"member","Eggleston Ave & 92nd St",3
"member","Homan Ave & 65th St",3
"member","Lavergne Ave & 44th St",3
"member","Lavergne Ave & 46th St",3
"member","MTV Hubbard St",3
"member","North Ave & New England Ave",3
"member","North Ave Beach Public Rack - 2",3
"member","Parnell Ave & 127th St",3
"member","Public Rack - 2302 S Pulaski Rd",3
"member","Public Rack - 63rd Pl & Narraganssett Ave",3
"member","Public Rack - Ashland Ave & 63rd St",3
"member","Public Rack - Ashland Ave & 71st St",3
"member","Public Rack - Canfield & Victoria",3
"member","Public Rack - Cicero & 64th",3
"member","Public Rack - Cottage Grove Ave & 92nd St",3
"member","Public Rack - Dawes Park North",3
"member","Public Rack - Devon Ave & Central Ave",3
"member","Public Rack - Eli Whitney Public School",3
"member","Public Rack - Ford City Mall",3
"member","Public Rack - Halsted St & 95th St - SE",3
"member","Public Rack - Higgins Ave & Neva Ave",3
"member","Public Rack - Homan Ave & Roosevelt",3
"member","Public Rack - Irving Park Rd & Austin Ave",3
"member","Public Rack - Kedvale Ave & Peterson Ave",3
"member","Public Rack - Kedzie Ave & 58th St",3
"member","Public Rack - Kedzie Ave & 64th St - SE",3
"member","Public Rack - King Dr & 115th St",3
"member","Public Rack - Langley Ave & 79th St",3
"member","Public Rack - Lawndale Ave & Polk St",3
"member","Public Rack - Linder Ave & 64th Pl",3
"member","Public Rack - Maryland Ave & 87th ST",3
"member","Public Rack - Melvina Ave & Belmont Ave",3
"member","Public Rack - Milwaukee Ave & Waveland Ave",3
"member","Public Rack - Minnehaha Ave & Devon Ave",3
"member","Public Rack - Mulligan & Northwest Hwy",3
"member","Public Rack - Narragansett Ave & Fullerton Ave",3
"member","Public Rack - Natoma Ave & Bryn Mawr Ave",3
"member","Public Rack - Neola & Northwest Hwy",3
"member","Public Rack - Norwood Park",3
"member","Public Rack - Oketo & Northwest Hwy",3
"member","Public Rack - Princeton Ave & 43rd St",3
"member","Public Rack - Rutherford Ave & Belmont Ave",3
"member","Public Rack - Talman Ave & Pershing Rd",3
"member","Public Rack - Waller Ave & Chicago Ave",3
"member","Public Rack - William J Onahan Public School",3
"member","Steelworkers Park Public Rack",3
"member","Wentworth Ave & 104th St",3
"casual","Linder Ave & 64th",2
"casual","Public Rack - 56th St & Mulligan Ave",2
"casual","Public Rack - 63rd St and Nagle Ave",2
"casual","Public Rack - Al Raby School",2
"casual","Public Rack - Albany Ave & 63rd St",2
"casual","Public Rack - Avers & Granville",2
"casual","Public Rack - Brooks Park",2
"casual","Public Rack - California Ave & Touhy Ave - midblock",2
"casual","Public Rack - Central Park & Bryn Mawr",2
"casual","Public Rack - Chase Ave & Touhy Ave - NW",2
"casual","Public Rack - Christiana Ave & Bryn Mawr Ave",2
"casual","Public Rack - Christiana Ave & Lawrence Ave",2
"casual","Public Rack - Cicero Ave & Roscoe St",2
"casual","Public Rack - Cottage Grove & 84th St",2
"casual","Public Rack - Cumberland & Catherine",2
"casual","Public Rack - Devon Ave & Central Ave",2
"casual","Public Rack - East End Ave & 87th St",2
"casual","Public Rack - Ewing Ave & Indianapolis Ave",2
"casual","Public Rack - Exchange Ave & 73rd Pl",2
"casual","Public Rack - Forest Glen & Peterson",2
"casual","Public Rack - Forrestville Ave & 47th St",2
"casual","Public Rack - Halsted St & 109th St",2
"casual","Public Rack - Halsted St & 113th St",2
"casual","Public Rack - Halsted St & 63rd St",2
"casual","Public Rack - Hamilton Ave & 95th St",2
"casual","Public Rack - Harper Ave & 63rd St",2
"casual","Public Rack - Homan Ave & Roosevelt",2
"casual","Public Rack - Homewood Ave & Monterey Ave",2
"casual","Public Rack - Hoyne Ave & 110th Pl",2
"casual","Public Rack - Hoyne Ave & 51st St",2
"casual","Public Rack - Karlov Ave & 26th St",2
"casual","Public Rack - Kedvale Ave & 63rd St E",2
"casual","Public Rack - Kedzie & 73rd",2
"casual","Public Rack - Kedzie Ave & 61st Pl W",2
"casual","Public Rack - Kedzie Ave & 64th St - SW",2
"casual","Public Rack - Kedzie Ave & Archer Ave",2
"casual","Public Rack - Kedzie Ave & Arthington St",2
"casual","Public Rack - Kildare Ave & Washignton Blvd",2
"casual","Public Rack - King Dr & 71st St",2
"casual","Public Rack - Kolin Ave & Archer Ave",2
"casual","Public Rack - Kostner & Peterson",2
"casual","Public Rack - Langley Ave & 105th Pl",2
"casual","Public Rack - Laramie Ave & Fullerton Ave",2
"casual","Public Rack - Laramie Ave & Warwick Ave",2
"casual","Public Rack - Linder Ave & Belmont Ave",2
"casual","Public Rack - Mackinaw Ave & 108th St",2
"casual","Public Rack - Marshfield Ave & 87th St",2
"casual","Public Rack - Martin Luther King Dr & 44th St",2
"casual","Public Rack - May St & 87th St",2
"casual","Public Rack - Meade Ave & Archer Ave",2
"casual","Public Rack - Midway Orange Line",2
"casual","Public Rack - Milwaukee Ave & Waveland Ave",2
"casual","Public Rack - Mobile Ave & Archer Ave",2
"casual","Public Rack - Nagle Ave & Belmont Ave",2
"casual","Public Rack - Neenah & Archer",2
"casual","Public Rack - Neola & Northwest Hwy",2
"casual","Public Rack - Nordica Ave & Higgins Ave",2
"casual","Public Rack - Northwest Hwy & Raven St",2
"casual","Public Rack - Ottowa Ave & Touhy Ave",2
"casual","Public Rack - Peterson Ave & Drake Ave",2
"casual","Public Rack - Pulaski & 74th",2
"casual","Public Rack - Racine Ave & 74th St",2
"casual","Public Rack - Richmond St & Thorndale Ave",2
"casual","Public Rack - Spencer Elementary Technology Academy",2
"casual","Public Rack - Stony Island & 87th St",2
"casual","Public Rack - Talman Ave & Pershing Rd",2
"casual","Public Rack - Troy & 71st",2
"casual","Public Rack - Wentworth Ave & 103rd St",2
"casual","Public Rack - Western Ave & 104th St - West",2
"casual","Public Rack - Western Ave & 106th St - East",2
"casual","Public Rack - Wolcott Ave & 61st St",2
"casual","STAFF & VISITORS @ West Chicago Warehouse",2
"member","Ave H & 110th St",2
"member","Avenue O & 134th St",2
"member","Commercial Ave & 130th St",2
"member","Homan Ave & 77th St",2
"member","Lawler Ave & 50th St",2
"member","Michigan Ave & 114th St",2
"member","Mozart St & 79th St",2
"member","North Ave Beach Public Rack - 1",2
"member","North Ave Beach Public Rack - 4",2
"member","North Ave Public Rack - 1",2
"member","Public Rack - 61st St & Melvina Ave",2
"member","Public Rack - 63rd St and Nagle Ave",2
"member","Public Rack - Ashland Ave & 46th St",2
"member","Public Rack - Austin Ave & Wellington Ave",2
"member","Public Rack - Bell Ave & 95th St",2
"member","Public Rack - Bensley Ave & 103rd St",2
"member","Public Rack - Bryn Mawr Ave & Milwaukee Ave",2
"member","Public Rack - Burnham Shores Park",2
"member","Public Rack - California Ave & Touhy Ave - NW",2
"member","Public Rack - Central & Berteau",2
"member","Public Rack - Central Ave & Corcoran Pl",2
"member","Public Rack - Central Ave & George St",2
"member","Public Rack - Central Park Ave & 16th St",2
"member","Public Rack - Chopin Park",2
"member","Public Rack - Cicero & Rosemont",2
"member","Public Rack - Cicero Ave & Altgeld St",2
"member","Public Rack - Cicero Ave & Wellington Ave",2
"member","Public Rack - Commercial Ave & 89th St",2
"member","Public Rack - Elliott Park",2
"member","Public Rack - Francisco Ave & Touhy Ave",2
"member","Public Rack - Halsted St & 102nd St",2
"member","Public Rack - Halsted St & 64th St",2
"member","Public Rack - Harlem & Palatine",2
"member","Public Rack - Harlem and W. 59th",2
"member","Public Rack - Hiawatha Ave & Minnehaha Ave",2
"member","Public Rack - Hoyne Ave & 110th Pl",2
"member","Public Rack - Irving Park Rd & Melvina Ave",2
"member","Public Rack - Irving Park Rd & Menard Ave",2
"member","Public Rack - Kedvale Ave & 26th St",2
"member","Public Rack - Kedvale Ave & Addison St",2
"member","Public Rack - Kedzie Ave & Arthington St",2
"member","Public Rack - Keeler Ave & 26th St",2
"member","Public Rack - Kinzua Ave & Devon Ave",2
"member","Public Rack - Kostner Ave & 16th St",2
"member","Public Rack - Kostner Ave & Diversey Ave",2
"member","Public Rack - Kostner Ave & Wrightwood Ave",2
"member","Public Rack - Lake Shore Dr & Hayes Dr",2
"member","Public Rack - Lawndale Ave & 63rd St",2
"member","Public Rack - Legler Regional Library",2
"member","Public Rack - Leoti Ave & Central Ave (south)",2
"member","Public Rack - Lowe Park",2
"member","Public Rack - Mackinaw Ave & 108th St",2
"member","Public Rack - Maplewood Ave & 63rd St",2
"member","Public Rack - Mason Ave & Milwaukee Ave",2
"member","Public Rack - McVicker Ave & Grand Ave",2
"member","Public Rack - Menard Ave & Agusta Blvd",2
"member","Public Rack - N Sayre Ave & W Belden Ave",2
"member","Public Rack - Newcastle & Archer",2
"member","Public Rack - Nordica Ave & Addison St",2
"member","Public Rack - Normal Blvd & 61st Pl",2
"member","Public Rack - Normandy Ave & Archer Ave",2
"member","Public Rack - Northwest Hwy & Raven St",2
"member","Public Rack - Odell & Talcott",2
"member","Public Rack - Oketo Ave & Belmont Ave",2
"member","Public Rack - Osceola Ave & Touhy Ave",2
"member","Public Rack - Ottowa Ave & Touhy Ave",2
"member","Public Rack - Overhill Ave & Touhy Ave",2
"member","Public Rack - Ozanam Ave & Devon Ave",2
"member","Public Rack - Peterson Ave & Bernard Ave",2
"member","Public Rack - Piotrowski Park",2
"member","Public Rack - Pulaski & 52nd",2
"member","Public Rack - Pulaski & 84th",2
"member","Public Rack - Pulaski Rd & 65th St",2
"member","Public Rack - Pulaski Rd & Lake St",2
"member","Public Rack - Pulaski Rd & Stevens Ave",2
"member","Public Rack - Rockwell & 111th St",2
"member","Public Rack - Sacramento Ave & Greenleaf Ave",2
"member","Public Rack - Sawyer Ave & 111th St",2
"member","Public Rack - St Louis Ave & Flournoy St",2
"member","Public Rack - State St & 47th st",2
"member","Public Rack - Talman Ave & 51st St",2
"member","Public Rack - Torrence Ave & 103rd St",2
"member","Public Rack - Vincennes Ave & 77th St",2
"member","Public Rack - Walden Pkwy & 103rd St",2
"member","Public Rack - Walden Pkwy & 99th St",2
"member","Public Rack - Wilbur Wright College South",2
"member","Public Rack - Wood St & 47th St",2
"member","S Wentworth Ave & W 111th St",2
"member","Woodlawn & 103rd",2
"member","Woodlawn Ave & 103rd St",2
"casual","Aberdeen St & 106th St",1
"casual","Indiana Ave & 133rd St Public Rack",1
"casual","Kostner & 87th",1
"casual","MTV Hubbard St",1
"casual","Midway Corral",1
"casual","Public Rack - 63rd St and Natoma Ave",1
"casual","Public Rack - 83rd Pl & Kedzie Ave N",1
"casual","Public Rack - Ada St & 119th St",1
"casual","Public Rack - Albany Ave & 103rd St",1
"casual","Public Rack - Archer Park",1
"casual","Public Rack - Ashland Ave & 45th St",1
"casual","Public Rack - Ashland Ave & 63rd St",1
"casual","Public Rack - Ashland Ave & 74th St",1
"casual","Public Rack - Ashland Ave & 76th St",1
"casual","Public Rack - Ashland Ave & 83rd St",1
"casual","Public Rack - Austin Ave & Wrightwood Ave",1
"casual","Public Rack - Austin Branch Chicago Public Library",1
"casual","Public Rack - Ave N & 106th St",1
"casual","Public Rack - Back of the Yards Park",1
"casual","Public Rack - Baltimore Ave & 132nd St",1
"casual","Public Rack - Bell Ave & 95th St",1
"casual","Public Rack - Bensley Ave & 103rd St",1
"casual","Public Rack - Brandon Ave & 91st St",1
"casual","Public Rack - California & 87th",1
"casual","Public Rack - Central & Berteau",1
"casual","Public Rack - Central Ave & Adams St",1
"casual","Public Rack - Central Ave & George St",1
"casual","Public Rack - Central Ave & North Ave",1
"casual","Public Rack - Central Park Ave & 16th St",1
"casual","Public Rack - Christiana Ave & Archer Ave",1
"casual","Public Rack - Cicero & Rosemont",1
"casual","Public Rack - Cicero Ave & Altgeld St",1
"casual","Public Rack - Cicero Ave & Cortland St - midblock",1
"casual","Public Rack - Cicero Ave & Wellington Ave",1
"casual","Public Rack - Columbus & 79th",1
"casual","Public Rack - Commercial Ave & 89th St",1
"casual","Public Rack - Cottage Grove & 85th St",1
"casual","Public Rack - Cottage Grove Ave & 92nd St",1
"casual","Public Rack - Cottage Grove Ave & 98th St",1
"casual","Public Rack - Devon Ave & Minnehaha Ave (west)",1
"casual","Public Rack - Elston Ave & Gunnison St",1
"casual","Public Rack - Ewing Ave & 101st St",1
"casual","Public Rack - Ewing Ave & 102nd St",1
"casual","Public Rack - Ewing Ave & 106th St",1
"casual","Public Rack - Ewing Ave & 112th St",1
"casual","Public Rack - Ewing Ave & 99th St",1
"casual","Public Rack - Fairfield Ave & 63rd St",1
"casual","Public Rack - Fullerton Ave & Lavergne Ave",1
"casual","Public Rack - Grand Ave & North Ave",1
"casual","Public Rack - Green St & 103rd St",1
"casual","Public Rack - Hale Ave & 111th St",1
"casual","Public Rack - Halsted St & 80th St",1
"casual","Public Rack - Halsted St & 95th St - SE",1
"casual","Public Rack - Hamlin Ave & Chicago Ave",1
"casual","Public Rack - Harlem & Summerdale",1
"casual","Public Rack - Harriet E Sayre Public School",1
"casual","Public Rack - Harvard Ave & 119th St",1
"casual","Public Rack - Hiawatha Ave & Minnehaha Ave",1
"casual","Public Rack - Higgins Ave & Neva Ave",1
"casual","Public Rack - Homan Ave & 26th St",1
"casual","Public Rack - Indiana Ave & 111th St",1
"casual","Public Rack - Kedvale Ave & 26th St",1
"casual","Public Rack - Kedzie & 103rd St - W",1
"casual","Public Rack - Kedzie Ave & 54th St - SE",1
"casual","Public Rack - Kedzie Ave & 54th St - SW",1
"casual","Public Rack - Kedzie Ave & 63rd St",1
"casual","Public Rack - Kedzie Ave & Pershing Rd",1
"casual","Public Rack - Kedzie Ave & Walnut St",1
"casual","Public Rack - Keef Ave & South Chicago Ave",1
"casual","Public Rack - Kenneth Ave & 63rd St E",1
"casual","Public Rack - Kilbourn Ave & Fullerton Ave",1
"casual","Public Rack - Kildare Ave & North Ave",1
"casual","Public Rack - Kostner Ave & 16th St",1
"casual","Public Rack - Lafayette Ave & 119th St",1
"casual","Public Rack - Lafayette Ave & 87th St - NW",1
"casual","Public Rack - Laflin St & 79th St",1
"casual","Public Rack - Langley Ave & 79th St",1
"casual","Public Rack - Lavergne & Lawrence",1
"casual","Public Rack - Lawndale Ave & 23rd St",1
"casual","Public Rack - Leclaire Ave & Division St",1
"casual","Public Rack - Lorel Ave & Chicago Ave",1
"casual","Public Rack - Lorel Ave & Grand Ave",1
"casual","Public Rack - Mackinaw Ave & 106th St",1
"casual","Public Rack - Maplewood Ave & 63rd St",1
"casual","Public Rack - Marquette Ave & 79th St",1
"casual","Public Rack - Maryland Ave & 87th ST",1
"casual","Public Rack - Mason & Archer",1
"casual","Public Rack - Mason Ave & Archer Ave",1
"casual","Public Rack - McVicker & 52nd",1
"casual","Public Rack - McVicker Ave & Grand Ave",1
"casual","Public Rack - Menard Ave & Agusta Blvd",1
"casual","Public Rack - Michigan Ave & 107th St",1
"casual","Public Rack - Michigan Ave & 121st St",1
"casual","Public Rack - Michigan Ave & 125th Pl",1
"casual","Public Rack - Michigan Ave & 96th St",1
"casual","Public Rack - Minnehaha Ave & Devon Ave",1
"casual","Public Rack - Morgan St & 87th St",1
"casual","Public Rack - Mt Greenwood Library - South",1
"casual","Public Rack - Mulligan Ave & 56th St",1
"casual","Public Rack - Newcastle & Archer",1
"casual","Public Rack - Newcastle Ave & Belden Ave",1
"casual","Public Rack - Newland Ave & Diversey Ave",1
"casual","Public Rack - Normal Ave & 111th St",1
"casual","Public Rack - Normal Blvd & 61st Pl",1
"casual","Public Rack - Northwest Hwy & Bryn Mawr",1
"casual","Public Rack - Oketo Ave & Belmont Ave",1
"casual","Public Rack - Oleander Ave & Addison St",1
"casual","Public Rack - Ozanam Ave & Devon Ave",1
"casual","Public Rack - Ozark Ave & Addison St",1
"casual","Public Rack - Piotrowski Park",1
"casual","Public Rack - Pratt Ave & Odell Ave",1
"casual","Public Rack - Pulaski Rd & 41st",1
"casual","Public Rack - Pulaski Rd & 65th St",1
"casual","Public Rack - Pulaski Rd & 85th St",1
"casual","Public Rack - Pulaski Rd & Flournoy St",1
"casual","Public Rack - Pulaski Rd & Stevens Ave",1
"casual","Public Rack - Pullman - Ross Dress for Less",1
"casual","Public Rack - Racine Ave & 83rd St",1
"casual","Public Rack - Rhodes Ave & 79th St",1
"casual","Public Rack - Sawyer Ave & Bryn Mawr Ave - SW",1
"casual","Public Rack - Sawyer Ave & Chicago Ave",1
"casual","Public Rack - Spaulding Ave & Foster Ave",1
"casual","Public Rack - St Louis & 83rd",1
"casual","Public Rack - St Louis Ave & Flournoy St",1
"casual","Public Rack - State St & 47th st",1
"casual","Public Rack - Stewart Ave & 123rd St",1
"casual","Public Rack - Stony Island & 95th St",1
"casual","Public Rack - The Montessori School of Englewood",1
"casual","Public Rack - Torrence Ave & 98th St",1
"casual","Public Rack - Trumbull Ave & 111th St",1
"casual","Public Rack - Vincennes Ave & 77th St",1
"casual","Public Rack - Vincennes Ave & 91st St",1
"casual","Public Rack - W. Talcott & N. Oriole",1
"casual","Public Rack - Wallace St & 112 St",1
"casual","Public Rack - Western & 74th",1
"casual","Public Rack - Western Ave & 104th St - East",1
"casual","Public Rack - Western Ave & 107th Pl",1
"casual","Public Rack - Western Ave & 110th St",1
"casual","Public Rack - Western Ave & 111th St - NW",1
"casual","Public Rack - Western Ave & 116th St",1
"casual","Public Rack - Western Ave & 118th St",1
"casual","Public Rack - Western Ave & 96th St",1
"casual","Public Rack - Wilbur Wright College North",1
"casual","Public Rack - Wolcott Ave & 56th St",1
"casual","Public Rack - Wood St & 103rd St",1
"casual","Public Rack - Yates Ave & 100th St",1
"member","Aberdeen St & 106th St",1
"member","Altgeld Gardens",1
"member","Ave L & 114th",1
"member","Central Park Ave & 66th St",1
"member","Eberhart Ave & 131st St",1
"member","Eggleston Ave & 111th St",1
"member","Eggleston Ave & 115th St",1
"member","Halsted St & 123rd St",1
"member","Hastings Test Station",1
"member","Indiana Ave & 133rd St Public Rack",1
"member","Kildare Ave & 85th St (Kostner Ave & 87th St TEMPORARY)",1
"member","Major Taylor Trail & 124th St",1
"member","Marmora Ave & Belmont Ave (temporary)",1
"member","Menard Ave & North Ave",1
"member","Michigan Ave & 118th St",1
"member","Orrington & Clark",1
"member","Public Rack - 10101 S Stony Island Ave",1
"member","Public Rack - 56th St & Mulligan Ave",1
"member","Public Rack - 63rd St & Meade Ave",1
"member","Public Rack - 63rd St and Natoma Ave",1
"member","Public Rack - 85th Pl & Pulaski Rd",1
"member","Public Rack - Albany Ave & 103rd St",1
"member","Public Rack - Ashland Ave & 45th St  S",1
"member","Public Rack - Ashland Ave & 76th St",1
"member","Public Rack - Ashland Ave & 91st St",1
"member","Public Rack - Austin & 62nd",1
"member","Public Rack - Austin & Higgins",1
"member","Public Rack - Austin Ave & Archer Ave",1
"member","Public Rack - Austin Branch Chicago Public Library",1
"member","Public Rack - Brooks Park",1
"member","Public Rack - Buffalo Ave & 89th St",1
"member","Public Rack - Burnside Academy",1
"member","Public Rack - California & 71st",1
"member","Public Rack - California & 82nd",1
"member","Public Rack - California Ave & Touhy Ave - midblock",1
"member","Public Rack - Chappel Ave & 71st St",1
"member","Public Rack - Christiana Ave & 111th St",1
"member","Public Rack - Christiana Ave & 55th St",1
"member","Public Rack - Cottage Grove Ave & 89th Pl",1
"member","Public Rack - Cottage Grove Ave & 98th St",1
"member","Public Rack - Crandon Ave & 80th St",1
"member","Public Rack - Damen & 87th",1
"member","Public Rack - Damen Ave & 47th St",1
"member","Public Rack - Devon Ave & Kinzua Ave",1
"member","Public Rack - Devon Ave & Minnehaha Ave (east)",1
"member","Public Rack - East End Ave & 75th St",1
"member","Public Rack - East End Ave & 87th St",1
"member","Public Rack - Fullerton Ave & Lavergne Ave",1
"member","Public Rack - Haft Ave & Milwaukee Ave",1
"member","Public Rack - Hale Ave & 111th St",1
"member","Public Rack - Halsted St & 109th St",1
"member","Public Rack - Halsted St & 94th St",1
"member","Public Rack - Hiawatha Park",1
"member","Public Rack - Holbrook St & Milwaukee Ave",1
"member","Public Rack - Homan Ave & 26th St",1
"member","Public Rack - Homan Ave & 62nd Pl",1
"member","Public Rack - Hoyne Ave & 51st St",1
"member","Public Rack - Indiana Ave & 111th St",1
"member","Public Rack - Jeffery Blvd & 81st St",1
"member","Public Rack - Kedvale Ave & 63rd St E",1
"member","Public Rack - Kedzie & 103rd St - East",1
"member","Public Rack - Kedzie & 103rd St - W",1
"member","Public Rack - Kedzie Ave & 54th St - SE",1
"member","Public Rack - Kedzie Ave & 61st Pl W",1
"member","Public Rack - Kedzie Ave & 63rd St",1
"member","Public Rack - Kilbourn Ave & Fullerton Ave",1
"member","Public Rack - Kildare Ave & 63rd St",1
"member","Public Rack - Kildare Ave & Washignton Blvd",1
"member","Public Rack - Komensky Ave & 26th St",1
"member","Public Rack - Laflin St &51st ST",1
"member","Public Rack - Laporte Ave & Armitage Ave",1
"member","Public Rack - Laramie Ave & Fullerton Ave",1
"member","Public Rack - Laramie Ave & Warwick Ave",1
"member","Public Rack - Latrobe Ave & Lake St",1
"member","Public Rack - Lavergne & Lawrence",1
"member","Public Rack - Leoti Ave & Central Ave (north)",1
"member","Public Rack - Linder & 51st",1
"member","Public Rack - Linder Ave & Archer Ave",1
"member","Public Rack - Linder Ave & Belmont Ave",1
"member","Public Rack - Loomis St & 87th St",1
"member","Public Rack - Lorel Ave & Grand Ave",1
"member","Public Rack - Lowe Ave & 94th St",1
"member","Public Rack - Lowe Ave & 98th St",1
"member","Public Rack - Lynch & Elston",1
"member","Public Rack - Mackinaw Ave & 106th St",1
"member","Public Rack - Martin Luther King Dr & 69th St",1
"member","Public Rack - May St & 63rd St",1
"member","Public Rack - McVicker & 52nd",1
"member","Public Rack - Menard Ave & Adams Blvd",1
"member","Public Rack - Michele Clark Magnet High School",1
"member","Public Rack - Michigan Ave & 67th St",1
"member","Public Rack - Mobile Ave & Archer Ave",1
"member","Public Rack - Mt Greenwood Library N",1
"member","Public Rack - Nagle Ave & Belmont Ave",1
"member","Public Rack - Neenah & Archer",1
"member","Public Rack - Newcastle Ave & Wellington Ave",1
"member","Public Rack - Newland Ave & Diversey Ave",1
"member","Public Rack - Nordica & Archer",1
"member","Public Rack - Northwest Hwy & Highland Ave",1
"member","Public Rack - Northwest Hwy & Overhill Ave",1
"member","Public Rack - Oakley & 79th Pl",1
"member","Public Rack - Octavia Ave & Touhy Ave",1
"member","Public Rack - Oglesby Ave & 105th St",1
"member","Public Rack - Orville T Bright School",1
"member","Public Rack - Ozark Ave & Addison St",1
"member","Public Rack - Panama Ave & Forest Preserve Ave",1
"member","Public Rack - Parkside & Archer",1
"member","Public Rack - Parnell Ave & 98th St",1
"member","Public Rack - Paxton Ave & 79th St",1
"member","Public Rack - Peoria St & 60th St",1
"member","Public Rack - Pulaski Rd & 15th St",1
"member","Public Rack - Pulaski Rd & 40th St",1
"member","Public Rack - Pulaski Rd & 41st",1
"member","Public Rack - Pulaski Rd & 51st Rd",1
"member","Public Rack - Pulaski Rd & Flournoy St",1
"member","Public Rack - Pulaski Rd & Grenshaw St",1
"member","Public Rack - Pulaski Rd & Roosevelt Rd",1
"member","Public Rack - Pullman - Walmart",1
"member","Public Rack - Racine Ave & 74th St",1
"member","Public Rack - Racine Ave & 76th",1
"member","Public Rack - Racine Ave & 83rd St",1
"member","Public Rack - Richmond St & Thorndale Ave",1
"member","Public Rack - Roscoe St & Osceola Ave",1
"member","Public Rack - Roswell B. Mason Elementary School",1
"member","Public Rack - S Kostner Ave & W 18th Pl",1
"member","Public Rack - S Menard & W 63rd",1
"member","Public Rack - Sayre Ave & 59th St",1
"member","Public Rack - Senka ""Edward Duke"" Park",1
"member","Public Rack - Springfield & 71st",1
"member","Public Rack - Springfield & 79th",1
"member","Public Rack - Stony Is Ave & 73rd St",1
"member","Public Rack - Stony Island & 95th St",1
"member","Public Rack - Strohacker Park",1
"member","Public Rack - Throop St & 58th St",1
"member","Public Rack - Torrence Ave  & 106th St",1
"member","Public Rack - Vincennes Ave & 91st St",1
"member","Public Rack - W. Talcott & N. Oriole",1
"member","Public Rack - Wabash Ave & 87th St",1
"member","Public Rack - Wentworth Ave & 103rd St",1
"member","Public Rack - Wentworth Park",1
"member","Public Rack - Western & 79th",1
"member","Public Rack - Western & 83rd",1
"member","Public Rack - Western Ave & 106th St - East",1
"member","Public Rack - Western Ave & 107th Pl",1
"member","Public Rack - Western Ave & 107th St",1
"member","Public Rack - Western Ave & 110th St",1
"member","Public Rack - Western Ave & 111th St - SE",1
"member","Public Rack - Western Ave & 116th St",1
"member","Public Rack - Western Ave & 118th St",1
"member","Public Rack - Western Ave & 98th St",1
"member","Public Rack - Zapata Academy",1
"member","S Michigan Ave & E 118th St",1
"member","Sacramento Ave & Polk St",1
"member","State St & 123rd St",1
"member","Steelworkers Park (Updated)",1
"member","Stewart Ave & 123rd St",1
"member","Torrence Ave & 126th Pl",1
